Date,Open,High,Low,Close,Volume,Adj Close
2011-04-01,25.53,25.53,25.31,25.48,63114200,23.23
2011-03-31,25.60,25.68,25.34,25.39,63233700,23.15
2011-03-30,25.60,25.72,25.50,25.61,41999300,23.35
2011-03-29,25.34,25.52,25.30,25.49,40763500,23.24
2011-03-28,25.66,25.72,25.38,25.41,48973200,23.16
2011-03-25,25.93,25.95,25.59,25.62,57029800,23.36
2011-03-24,25.60,25.87,25.50,25.81,38696700,23.53
2011-03-23,25.23,25.61,25.18,25.54,43969000,23.28
2011-03-22,25.30,25.46,25.23,25.30,30895600,23.06
2011-03-21,25.18,25.58,25.15,25.33,46878100,23.09
2011-03-18,25.06,25.18,24.80,24.80,85486700,22.61
2011-03-17,25.06,25.22,24.75,24.78,62497000,22.59
2011-03-16,25.22,25.28,24.68,24.79,100725400,22.60
2011-03-15,25.08,25.47,25.00,25.39,76067300,23.15
2011-03-14,25.49,25.76,25.35,25.69,54473400,23.42
2011-03-11,25.41,25.85,25.36,25.68,49905800,23.41
2011-03-10,25.62,25.71,25.35,25.41,66549500,23.16
2011-03-09,25.81,25.98,25.66,25.89,39789100,23.60
2011-03-08,25.77,26.02,25.65,25.91,50549800,23.62
2011-03-07,26.13,26.27,25.55,25.72,64980400,23.45
2011-03-04,26.22,26.24,25.80,25.95,70437200,23.66
2011-03-03,26.26,26.40,26.18,26.20,68271500,23.88
2011-03-02,26.11,26.37,26.04,26.08,48658200,23.78
2011-03-01,26.60,26.78,26.15,26.16,60055000,23.85
2011-02-28,26.69,26.86,26.51,26.58,51379900,24.23
2011-02-25,26.91,26.95,26.50,26.55,53006300,24.20
2011-02-24,26.64,27.06,26.50,26.77,64494200,24.40
2011-02-23,26.53,26.86,26.43,26.59,60234100,24.24
2011-02-22,26.78,27.10,26.52,26.59,60889000,24.24
2011-02-18,27.13,27.21,26.99,27.06,68667800,24.67
2011-02-17,26.97,27.37,26.91,27.21,57207300,24.81
2011-02-16,27.05,27.07,26.60,27.02,70817900,24.63
2011-02-15,27.04,27.33,26.95,26.96,44116500,24.58
2011-02-14,27.21,27.27,26.95,27.23,56766200,24.68
2011-02-11,27.76,27.81,27.07,27.25,83939700,24.70
2011-02-10,27.93,27.94,27.29,27.50,76672400,24.92
2011-02-09,28.19,28.26,27.91,27.97,52905100,25.35
2011-02-08,28.10,28.34,28.05,28.28,34904200,25.63
2011-02-07,27.80,28.34,27.79,28.20,68980900,25.56
2011-02-04,27.70,27.84,27.51,27.77,40412200,25.17
2011-02-03,27.97,27.97,27.54,27.65,60340100,25.06
2011-02-02,27.93,28.11,27.88,27.94,45824000,25.32
2011-02-01,27.80,28.06,27.61,27.99,62810700,25.37
2011-01-31,27.77,27.90,27.42,27.73,65029000,25.13
2011-01-28,28.90,28.93,27.45,27.75,141249400,25.15
2011-01-27,28.75,29.46,28.49,28.87,146938600,26.16
2011-01-26,28.51,28.99,28.50,28.78,74628800,26.08
2011-01-25,28.14,28.45,28.12,28.45,42436600,25.78
2011-01-24,28.02,28.56,27.99,28.38,52047800,25.72
2011-01-21,28.40,28.43,28.02,28.02,58080300,25.39
2011-01-20,28.50,28.55,28.13,28.35,58613600,25.69
2011-01-19,28.46,28.68,28.27,28.47,50005900,25.80
2011-01-18,28.16,28.74,28.14,28.66,53322700,25.97
2011-01-14,28.08,28.38,27.91,28.30,62688400,25.65
2011-01-13,28.33,28.39,28.01,28.19,67077600,25.55
2011-01-12,28.12,28.59,28.07,28.55,52631100,25.87
2011-01-11,28.20,28.25,28.05,28.11,50298900,25.48
2011-01-10,28.26,28.40,28.04,28.22,57573600,25.57
2011-01-07,28.64,28.74,28.25,28.60,73762000,25.92
2011-01-06,28.04,28.85,27.86,28.82,88026300,26.12
2011-01-05,27.90,28.01,27.77,28.00,58998700,25.38
2011-01-04,27.94,28.17,27.85,28.09,54405600,25.46
2011-01-03,28.05,28.18,27.92,27.98,53443800,25.36
2010-12-31,27.80,27.92,27.63,27.91,24752000,25.29
2010-12-30,27.92,28.00,27.78,27.85,20786100,25.24
2010-12-29,27.94,28.12,27.88,27.97,19502500,25.35
2010-12-28,27.97,28.17,27.96,28.01,23042200,25.38
2010-12-27,28.12,28.20,27.88,28.07,21652800,25.44
2010-12-23,27.97,28.32,27.96,28.30,24902500,25.65
2010-12-22,28.01,28.40,27.98,28.19,42252300,25.55
2010-12-21,27.85,28.14,27.76,28.07,38153000,25.44
2010-12-20,27.95,27.99,27.68,27.81,52811000,25.20
2010-12-17,27.92,28.09,27.75,27.90,87456500,25.28
2010-12-16,27.76,27.99,27.66,27.99,57680200,25.37
2010-12-15,27.53,27.99,27.53,27.85,69634200,25.24
2010-12-14,27.31,27.75,27.26,27.62,64070500,25.03
2010-12-13,27.27,27.45,27.17,27.25,47943900,24.70
2010-12-10,27.19,27.40,27.11,27.34,37625800,24.78
2010-12-09,27.28,27.34,27.01,27.08,47148300,24.54
2010-12-08,26.83,27.24,26.80,27.23,41666800,24.68
2010-12-07,27.08,27.13,26.85,26.87,57860500,24.35
2010-12-06,26.93,26.98,26.76,26.84,36264200,24.32
2010-12-03,26.81,27.06,26.78,27.02,52622000,24.49
2010-12-02,26.24,26.98,26.20,26.89,91759200,24.37
2010-12-01,25.57,26.25,25.56,26.04,74123500,23.60
2010-11-30,25.05,25.47,25.00,25.26,75282100,22.89
2010-11-29,25.19,25.42,24.93,25.31,56603600,22.94
2010-11-26,25.21,25.41,25.17,25.25,21356500,22.88
2010-11-24,25.20,25.46,25.16,25.37,56825900,22.99
2010-11-23,25.57,25.60,25.09,25.12,69742500,22.77
2010-11-22,25.65,25.74,25.44,25.73,53350500,23.32
2010-11-19,25.80,25.83,25.60,25.69,52423200,23.28
2010-11-18,25.71,26.08,25.61,25.84,59514000,23.42
2010-11-17,25.90,25.91,25.55,25.57,58299700,23.17
2010-11-16,26.04,26.04,25.65,25.81,65339200,23.39
2010-11-15,26.33,26.50,26.17,26.20,51794600,23.60
2010-11-12,26.47,26.52,26.10,26.27,64962200,23.66
2010-11-11,26.68,26.72,26.28,26.68,62073100,24.03
2010-11-10,27.01,27.08,26.81,26.94,52277300,24.27
2010-11-09,26.81,27.11,26.71,26.95,58538600,24.27
2010-11-08,26.68,28.87,26.58,26.81,71670800,24.15
2010-11-05,27.17,27.19,26.53,26.85,110953700,24.18
2010-11-04,27.41,27.43,27.01,27.14,93599300,24.45
2010-11-03,27.46,27.49,26.96,27.03,110255300,24.35
2010-11-02,27.06,27.42,27.02,27.39,54402100,24.67
2010-11-01,26.88,27.22,26.70,26.95,61912100,24.27
2010-10-29,27.15,27.20,26.48,26.67,114193200,24.02
2010-10-28,26.21,26.38,25.92,26.28,80730300,23.67
2010-10-27,25.79,26.11,25.62,26.05,64805500,23.46
2010-10-26,25.12,25.97,25.06,25.90,69304200,23.33
2010-10-25,25.24,25.35,25.17,25.19,50912400,22.69
2010-10-22,25.52,25.54,25.27,25.38,25837900,22.86
2010-10-21,25.40,25.54,25.05,25.42,50032400,22.90
2010-10-20,25.26,25.40,25.10,25.31,56283600,22.80
2010-10-19,25.27,25.37,24.95,25.10,66150900,22.61
2010-10-18,25.59,25.95,25.45,25.82,48330500,23.26
2010-10-15,25.36,25.55,25.23,25.54,68954800,23.00
2010-10-14,25.29,25.34,25.00,25.23,51949100,22.73
2010-10-13,25.02,25.54,24.89,25.34,75336500,22.82
2010-10-12,24.65,24.93,24.43,24.83,50141500,22.37
2010-10-11,24.74,24.74,24.50,24.59,27587800,22.15
2010-10-08,24.62,24.65,24.37,24.57,41327800,22.13
2010-10-07,24.62,24.75,24.28,24.53,50096100,22.10
2010-10-06,24.32,24.54,24.13,24.43,50489700,22.00
2010-10-05,24.06,24.45,23.91,24.35,78152900,21.93
2010-10-04,23.96,23.99,23.78,23.91,98143400,21.54
2010-10-01,24.77,24.82,24.30,24.38,62672300,21.96
2010-09-30,24.61,24.83,24.36,24.49,61262700,22.06
2010-09-29,24.63,24.66,24.40,24.50,44318900,22.07
2010-09-28,24.80,24.90,24.35,24.68,56041200,22.23
2010-09-27,24.85,24.99,24.59,24.73,43603300,22.28
2010-09-24,24.64,24.80,24.58,24.78,51948800,22.32
2010-09-23,24.51,24.59,24.36,24.43,46201800,22.00
2010-09-22,24.89,24.97,24.36,24.61,94299400,22.17
2010-09-21,25.42,25.42,25.08,25.15,52675700,22.65
2010-09-20,25.28,25.52,25.11,25.43,49838700,22.91
2010-09-17,25.40,25.53,25.08,25.22,70341600,22.72
2010-09-16,25.06,25.37,25.05,25.33,44548300,22.82
2010-09-15,25.10,25.22,24.92,25.12,56201900,22.63
2010-09-14,25.04,25.35,24.89,25.03,87160400,22.55
2010-09-13,24.20,25.29,24.09,25.11,114680400,22.62
2010-09-10,23.98,24.03,23.79,23.85,58284300,21.48
2010-09-09,24.19,24.21,23.99,24.01,46028900,21.63
2010-09-08,24.07,24.20,23.74,23.93,65512400,21.55
2010-09-07,24.10,24.30,23.92,23.96,51928700,21.58
2010-09-03,24.24,24.45,24.20,24.29,64189100,21.88
2010-09-02,23.88,23.95,23.71,23.94,48837100,21.56
2010-09-01,23.67,23.95,23.54,23.90,65235900,21.53
2010-08-31,23.60,23.73,23.32,23.47,66074600,21.14
2010-08-30,23.74,23.82,23.60,23.64,45453100,21.29
2010-08-27,23.88,24.02,23.51,23.93,60939400,21.55
2010-08-26,24.09,24.19,23.79,23.82,49105300,21.46
2010-08-25,24.00,24.22,23.87,24.10,47404800,21.71
2010-08-24,24.09,24.35,24.00,24.04,66522500,21.65
2010-08-23,24.44,24.64,24.24,24.28,51643000,21.87
2010-08-20,24.31,24.40,24.20,24.23,49560100,21.82
2010-08-19,24.62,24.74,24.21,24.44,54064600,22.01
2010-08-18,24.68,24.95,24.41,24.82,46818900,22.36
2010-08-17,24.71,24.96,24.60,24.71,52912600,22.26
2010-08-16,24.36,24.61,24.30,24.50,40909700,21.95
2010-08-13,24.35,24.67,24.24,24.40,45263500,21.86
2010-08-12,24.42,24.68,24.36,24.49,70240500,21.94
2010-08-11,24.68,24.90,24.56,24.86,76746900,22.27
2010-08-10,25.33,25.34,24.88,25.07,87257700,22.46
2010-08-09,25.55,25.73,25.37,25.61,57096500,22.95
2010-08-06,25.18,25.56,25.02,25.55,55982100,22.89
2010-08-05,25.49,25.58,25.21,25.37,64922100,22.73
2010-08-04,26.15,26.24,25.44,25.73,78531900,23.05
2010-08-03,26.20,26.35,25.97,26.16,56877700,23.44
2010-08-02,25.99,26.38,25.75,26.33,55044600,23.59
2010-07-30,25.75,25.84,25.35,25.81,83534800,23.12
2010-07-29,26.13,26.41,25.60,26.03,69446200,23.32
2010-07-28,26.07,26.19,25.83,25.95,69704800,23.25
2010-07-27,26.14,26.24,25.96,26.16,60672100,23.44
2010-07-26,25.86,26.20,25.80,26.10,67249900,23.38
2010-07-23,25.84,26.02,25.25,25.81,108520100,23.12
2010-07-22,25.51,25.99,25.47,25.84,73016400,23.15
2010-07-21,25.60,25.65,24.98,25.12,73297300,22.51
2010-07-20,24.86,25.48,24.70,25.48,45530700,22.83
2010-07-19,24.96,25.30,24.91,25.23,38181800,22.60
2010-07-16,25.51,25.64,24.88,24.89,65064800,22.30
2010-07-15,25.50,25.59,24.98,25.51,56934700,22.86
2010-07-14,25.50,25.61,25.12,25.44,72808100,22.79
2010-07-13,25.14,25.30,24.90,25.13,61928700,22.52
2010-07-12,24.43,24.89,24.42,24.83,49854200,22.25
2010-07-09,24.33,24.41,24.15,24.27,53806100,21.74
2010-07-08,24.60,24.62,23.97,24.41,50758100,21.87
2010-07-07,23.82,24.32,23.61,24.30,79965300,21.77
2010-07-06,23.70,24.09,23.58,23.82,73592000,21.34
2010-07-02,23.36,23.48,23.05,23.27,62485100,20.85
2010-07-01,23.09,23.32,22.73,23.16,92239400,20.75
2010-06-30,23.30,23.68,22.95,23.01,81050500,20.62
2010-06-29,24.13,24.20,23.11,23.31,119882100,20.88
2010-06-28,24.51,24.61,24.12,24.31,73784800,21.78
2010-06-25,25.05,25.11,24.31,24.53,156256700,21.98
2010-06-24,25.46,25.72,24.93,25.00,85243400,22.40
2010-06-23,25.78,25.78,25.22,25.31,61466200,22.68
2010-06-22,26.16,26.45,25.76,25.77,55985400,23.09
2010-06-21,26.78,26.89,25.89,25.95,54625300,23.25
2010-06-18,26.37,26.53,26.17,26.44,52075600,23.69
2010-06-17,26.56,26.67,26.04,26.37,47995500,23.63
2010-06-16,26.47,26.58,26.23,26.32,48698000,23.58
2010-06-15,25.75,26.65,25.74,26.58,81641500,23.81
2010-06-14,25.86,25.96,25.47,25.50,50972400,22.85
2010-06-11,25.04,25.72,24.77,25.66,68057700,22.99
2010-06-10,25.13,25.15,24.78,25.00,78930900,22.40
2010-06-09,25.22,25.52,24.75,24.79,87794000,22.21
2010-06-08,25.25,25.26,24.65,25.11,87355000,22.50
2010-06-07,25.82,25.83,25.24,25.29,80456200,22.66
2010-06-04,26.10,26.57,25.62,25.79,89832200,23.11
2010-06-03,26.55,26.93,26.41,26.86,67837000,24.07
2010-06-02,26.06,26.48,25.73,26.46,65718800,23.71
2010-06-01,25.53,26.31,25.52,25.89,76152400,23.20
2010-05-28,25.84,26.12,25.66,25.80,67496900,23.12
2010-05-27,25.73,26.36,25.73,26.00,136433600,23.29
2010-05-26,26.23,26.61,24.56,25.01,176684100,22.41
2010-05-25,25.65,26.33,25.38,26.07,98373600,23.36
2010-05-24,26.85,26.86,26.26,26.27,73711700,23.54
2010-05-21,26.63,27.11,26.44,26.84,117596300,24.05
2010-05-20,27.65,27.84,27.04,27.11,87991100,24.29
2010-05-19,28.52,28.69,27.79,28.24,61746700,25.30
2010-05-18,28.87,29.00,28.40,28.60,52690600,25.62
2010-05-17,29.12,29.23,28.45,28.94,46053300,25.81
2010-05-14,29.20,29.21,28.64,28.93,63334000,25.80
2010-05-13,29.26,29.73,29.18,29.24,45188800,26.08
2010-05-12,28.98,29.58,28.92,29.44,47146800,26.26
2010-05-11,28.68,29.65,28.57,28.88,63789400,25.76
2010-05-10,29.01,29.48,28.71,28.94,86653300,25.81
2010-05-07,28.93,28.95,27.32,28.21,173718100,25.16
2010-05-06,29.59,29.88,27.91,28.98,128613000,25.85
2010-05-05,29.77,30.09,29.69,29.85,66833800,26.62
2010-05-04,30.52,30.55,29.75,30.13,82085600,26.87
2010-05-03,30.67,31.06,30.58,30.86,43989500,27.52
2010-04-30,31.07,31.08,30.52,30.54,63214800,27.24
2010-04-29,30.93,31.43,30.67,31.00,52665200,27.65
2010-04-28,30.92,31.00,30.62,30.91,64557900,27.57
2010-04-27,30.95,31.25,30.75,30.85,68730900,27.52
2010-04-26,31.00,31.28,30.86,31.11,63649300,27.75
2010-04-23,31.12,31.58,30.65,30.96,126766600,27.61
2010-04-22,31.04,31.53,30.90,31.39,84847600,28.00
2010-04-21,31.33,31.50,31.23,31.33,55343100,27.94
2010-04-20,31.22,31.44,31.13,31.36,52199500,27.97
2010-04-19,30.77,31.25,30.76,31.04,64970300,27.69
2010-04-16,30.79,30.98,30.60,30.67,88703100,27.36
2010-04-15,30.82,30.95,30.71,30.87,52745400,27.53
2010-04-14,30.79,31.00,30.66,30.82,68941200,27.49
2010-04-13,30.15,30.50,30.13,30.45,41374600,27.16
2010-04-12,30.25,30.49,30.21,30.32,37068800,27.04
2010-04-09,29.95,30.41,29.90,30.34,54752500,27.06
2010-04-08,29.32,29.98,29.30,29.92,63713800,26.69
2010-04-07,29.16,29.56,29.14,29.35,58318800,26.18
2010-04-06,29.15,29.58,28.98,29.32,47366800,26.15
2010-04-05,29.13,29.43,29.03,29.27,34331200,26.11
2010-04-01,29.35,29.54,28.62,29.16,74768100,26.01
2010-03-31,29.64,29.72,29.17,29.29,63760000,26.12
2010-03-30,29.63,29.86,29.50,29.77,34954800,26.55
2010-03-29,29.71,29.82,29.55,29.59,33336000,26.39
2010-03-26,30.09,30.20,29.59,29.66,55595500,26.45
2010-03-25,29.83,30.57,29.80,30.01,73168700,26.77
2010-03-24,29.72,29.85,29.60,29.65,33987700,26.45
2010-03-23,29.59,29.90,29.41,29.88,42026600,26.65
2010-03-22,29.50,29.70,29.39,29.60,37718200,26.40
2010-03-19,29.76,29.90,29.35,29.59,81332100,26.39
2010-03-18,29.63,29.72,29.50,29.61,43845200,26.41
2010-03-17,29.50,29.87,29.40,29.63,50385700,26.43
2010-03-16,29.42,29.49,29.20,29.37,36723500,26.20
2010-03-15,29.18,29.37,29.01,29.29,37512000,26.12
2010-03-12,29.32,29.38,29.04,29.27,31700200,26.11
2010-03-11,28.89,29.19,28.85,29.18,35349700,26.03
2010-03-10,28.86,29.11,28.80,28.97,44891400,25.84
2010-03-09,28.56,29.11,28.55,28.80,50271600,25.69
2010-03-08,28.52,28.93,28.50,28.63,39414500,25.54
2010-03-05,28.66,28.68,28.42,28.59,56001800,25.50
2010-03-04,28.46,28.65,28.27,28.63,42890600,25.54
2010-03-03,28.51,28.61,28.35,28.46,48442100,25.38
2010-03-02,29.08,29.30,28.24,28.46,93123900,25.38
2010-03-01,28.77,29.05,28.53,29.02,43805400,25.88
2010-02-26,28.65,28.85,28.51,28.67,40370600,25.57
2010-02-25,28.27,28.65,28.02,28.60,48735300,25.51
2010-02-24,28.52,28.79,28.38,28.63,43165900,25.54
2010-02-23,28.68,28.83,28.09,28.33,52266200,25.27
2010-02-22,28.84,28.94,28.65,28.73,36707100,25.63
2010-02-19,28.79,28.92,28.69,28.77,44451800,25.66
2010-02-18,28.59,29.03,28.51,28.97,42856500,25.84
2010-02-17,28.53,28.65,28.36,28.59,45882900,25.50
2010-02-16,28.13,28.37,28.02,28.35,51935600,25.29
2010-02-12,27.81,28.06,27.58,27.93,81117200,24.80
2010-02-11,27.93,28.40,27.70,28.12,65993700,24.96
2010-02-10,28.03,28.24,27.84,27.99,48591300,24.85
2010-02-09,27.97,28.34,27.75,28.01,59195800,24.87
2010-02-08,28.01,28.08,27.57,27.72,52820600,24.61
2010-02-05,28.00,28.28,27.57,28.02,80960100,24.88
2010-02-04,28.38,28.50,27.81,27.84,77850000,24.72
2010-02-03,28.26,28.79,28.12,28.63,61397900,25.42
2010-02-02,28.37,28.50,28.14,28.46,54413700,25.27
2010-02-01,28.39,28.48,27.92,28.41,85931100,25.22
2010-01-29,29.90,29.92,27.66,28.18,193888500,25.02
2010-01-28,29.84,29.87,28.89,29.16,117513700,25.89
2010-01-27,29.35,29.82,29.02,29.67,63949500,26.34
2010-01-26,29.20,29.85,29.09,29.50,66639900,26.19
2010-01-25,29.24,29.66,29.10,29.32,63373000,26.03
2010-01-22,30.00,30.20,28.84,28.96,102004600,25.71
2010-01-21,30.61,30.72,30.00,30.01,73086700,26.64
2010-01-20,30.81,30.94,30.31,30.59,54849500,27.16
2010-01-19,30.75,31.24,30.68,31.10,46575700,27.61
2010-01-15,31.08,31.24,30.71,30.86,79913200,27.40
2010-01-14,30.31,31.10,30.26,30.96,63228100,27.49
2010-01-13,30.26,30.52,30.01,30.35,51863500,26.94
2010-01-12,30.15,30.40,29.91,30.07,65912100,26.70
2010-01-11,30.71,30.76,30.12,30.27,68754700,26.87
2010-01-08,30.28,30.88,30.24,30.66,51197400,27.22
2010-01-07,30.63,30.70,30.19,30.45,50559700,27.03
2010-01-06,30.88,31.08,30.52,30.77,58182400,27.32
2010-01-05,30.85,31.10,30.64,30.96,49749600,27.49
2010-01-04,30.62,31.10,30.59,30.95,38409100,27.48
2009-12-31,30.98,30.99,30.48,30.48,31929700,27.06
2009-12-30,31.15,31.29,30.80,30.96,42006200,27.49
2009-12-29,31.35,31.50,31.23,31.39,29716200,27.87
2009-12-28,31.00,31.18,30.89,31.17,25384000,27.67
2009-12-24,30.88,31.00,30.76,31.00,11083900,27.52
2009-12-23,30.71,30.95,30.69,30.92,28362700,27.45
2009-12-22,30.60,30.93,30.54,30.82,36321000,27.36
2009-12-21,30.40,30.84,30.37,30.52,40129100,27.10
2009-12-18,29.84,30.45,29.80,30.36,94118000,26.95
2009-12-17,29.95,29.96,29.57,29.60,43691200,26.28
2009-12-16,30.07,30.41,30.04,30.10,55737800,26.72
2009-12-15,29.89,30.21,29.88,30.02,49473200,26.65
2009-12-14,29.91,30.16,29.90,30.11,34651200,26.73
2009-12-11,29.97,30.00,29.79,29.85,43744200,26.50
2009-12-10,29.71,29.96,29.66,29.87,45940200,26.52
2009-12-09,29.47,29.81,29.25,29.71,44713300,26.38
2009-12-08,29.52,29.74,29.38,29.57,37402200,26.25
2009-12-07,29.78,30.08,29.68,29.79,38082700,26.45
2009-12-04,30.05,30.37,29.83,29.98,58810700,26.62
2009-12-03,29.84,30.20,29.76,29.83,43095200,26.48
2009-12-02,29.90,29.99,29.65,29.78,36308600,26.44
2009-12-01,29.52,30.05,29.41,30.01,49904200,26.64
2009-11-30,29.15,29.45,29.00,29.41,44172000,26.11
2009-11-27,29.11,29.39,28.75,29.22,29357900,25.94
2009-11-25,29.81,29.86,29.58,29.79,32033500,26.45
2009-11-24,29.95,29.99,29.75,29.91,37341400,26.55
2009-11-23,29.84,30.01,29.70,29.94,41832700,26.58
2009-11-20,29.66,29.77,29.43,29.62,42647100,26.30
2009-11-19,29.99,30.00,29.70,29.78,51967700,26.44
2009-11-18,30.00,30.14,29.81,30.11,59431200,26.73
2009-11-17,29.50,30.00,29.47,30.00,75648900,26.63
2009-11-16,29.61,29.80,29.37,29.54,54129500,26.11
2009-11-13,29.47,29.79,29.37,29.63,53037600,26.19
2009-11-12,29.01,29.49,29.00,29.36,55352400,25.95
2009-11-11,29.08,29.30,29.02,29.12,49693400,25.74
2009-11-10,28.90,29.28,28.81,29.01,65881100,25.64
2009-11-09,28.62,29.00,28.53,28.99,57518000,25.62
2009-11-06,28.38,28.63,28.20,28.52,38908500,25.21
2009-11-05,28.52,28.74,28.28,28.47,52681700,25.16
2009-11-04,27.69,28.39,27.62,28.06,63898400,24.80
2009-11-03,27.64,27.74,27.43,27.53,50294800,24.33
2009-11-02,27.70,28.05,27.41,27.88,62428900,24.64
2009-10-30,28.03,28.40,27.66,27.73,73371800,24.51
2009-10-29,28.07,28.41,27.85,28.22,65225500,24.94
2009-10-28,28.24,28.77,27.95,28.02,73542400,24.77
2009-10-27,28.73,28.88,28.44,28.59,69685800,25.27
2009-10-26,28.13,29.02,28.11,28.68,124149700,25.35
2009-10-23,29.20,29.35,27.88,28.02,281761000,24.77
2009-10-22,26.56,26.72,26.13,26.59,61600000,23.50
2009-10-21,26.46,26.75,26.39,26.58,61672700,23.49
2009-10-20,26.42,26.51,25.94,26.37,54604700,23.31
2009-10-19,26.49,26.58,26.25,26.36,48143200,23.30
2009-10-16,26.45,26.63,26.10,26.50,56500900,23.42
2009-10-15,25.90,26.71,25.90,26.71,65620100,23.61
2009-10-14,26.14,26.20,25.82,25.96,45365500,22.95
2009-10-13,25.59,25.94,25.52,25.81,37749000,22.81
2009-10-12,25.66,25.89,25.55,25.72,29145800,22.73
2009-10-09,25.57,25.79,25.46,25.55,39520000,22.58
2009-10-08,25.44,25.90,25.22,25.67,60521300,22.69
2009-10-07,24.99,25.18,24.88,25.10,38472700,22.19
2009-10-06,24.68,25.21,24.66,25.11,48795300,22.19
2009-10-05,24.98,25.06,24.52,24.64,60804900,21.78
2009-10-02,24.46,25.09,24.43,24.96,51219700,22.06
2009-10-01,25.41,25.47,24.80,24.88,75958100,21.99
2009-09-30,25.76,25.99,25.38,25.72,63533400,22.73
2009-09-29,25.91,25.96,25.69,25.75,39050300,22.76
2009-09-28,25.60,26.16,25.60,25.83,44358000,22.83
2009-09-25,25.69,25.82,25.52,25.55,50158900,22.58
2009-09-24,25.92,26.11,25.66,25.94,56302900,22.93
2009-09-23,25.92,26.25,25.64,25.71,60599900,22.72
2009-09-22,25.40,25.82,25.29,25.77,61376700,22.78
2009-09-21,25.11,25.37,25.10,25.30,28878700,22.36
2009-09-18,25.46,25.48,25.10,25.26,68016500,22.33
2009-09-17,25.06,25.38,25.06,25.30,42428800,22.36
2009-09-16,25.25,25.35,24.95,25.20,50055800,22.27
2009-09-15,24.97,25.27,24.86,25.20,44716600,22.27
2009-09-14,24.65,25.09,24.64,25.00,42806800,22.10
2009-09-11,24.93,25.17,24.81,24.86,54303500,21.97
2009-09-10,24.80,25.05,24.65,25.00,46256000,22.10
2009-09-09,24.74,24.95,24.67,24.78,49900300,21.90
2009-09-08,24.62,24.84,24.41,24.82,53737100,21.94
2009-09-04,24.09,24.80,24.08,24.62,44999700,21.76
2009-09-03,23.91,24.14,23.76,24.11,34120000,21.31
2009-09-02,23.82,24.14,23.78,23.86,40771300,21.09
2009-09-01,24.35,24.74,23.90,24.00,62608500,21.21
2009-08-31,24.57,24.85,24.29,24.65,49592800,21.79
2009-08-28,25.07,25.49,24.61,24.68,55808000,21.81
2009-08-27,24.41,24.78,24.30,24.69,45495600,21.82
2009-08-26,24.59,24.75,24.42,24.55,41079000,21.70
2009-08-25,24.60,24.82,24.46,24.64,43980300,21.78
2009-08-24,24.41,24.73,24.28,24.64,54180900,21.78
2009-08-21,23.93,24.42,23.77,24.41,69011400,21.58
2009-08-20,23.60,23.87,23.54,23.67,39505900,20.92
2009-08-19,23.25,23.72,23.25,23.65,41821300,20.90
2009-08-18,23.29,23.65,23.27,23.58,38878900,20.84
2009-08-17,23.32,23.60,23.23,23.25,42474400,20.44
2009-08-14,23.62,23.80,23.51,23.69,46330200,20.82
2009-08-13,23.63,23.85,23.40,23.62,38954500,20.76
2009-08-12,23.13,23.90,23.03,23.53,61972300,20.68
2009-08-11,23.32,23.40,23.05,23.13,33615800,20.33
2009-08-10,23.46,23.55,23.30,23.42,35261900,20.58
2009-08-07,23.75,23.82,23.50,23.56,46169700,20.71
2009-08-06,23.93,23.98,23.27,23.46,59686000,20.62
2009-08-05,23.84,24.25,23.79,23.81,53310300,20.93
2009-08-04,23.68,23.79,23.53,23.77,49218300,20.89
2009-08-03,23.82,23.86,23.50,23.83,46902900,20.94
2009-07-31,23.77,24.07,23.50,23.52,54258200,20.67
2009-07-30,24.20,24.43,23.71,23.81,67820000,20.93
2009-07-29,23.73,23.91,23.34,23.80,73626900,20.92
2009-07-28,22.99,23.55,22.90,23.47,70288400,20.63
2009-07-27,23.44,23.45,22.90,23.11,80950000,20.31
2009-07-24,23.61,23.89,22.81,23.45,215135700,20.61
2009-07-23,24.93,25.72,24.84,25.56,106060500,22.47
2009-07-22,24.70,24.90,24.51,24.80,66192500,21.80
2009-07-21,24.69,24.83,24.37,24.83,52028400,21.82
2009-07-20,24.44,24.53,24.15,24.53,47798000,21.56
2009-07-17,24.40,24.45,24.10,24.29,52860100,21.35
2009-07-16,23.93,24.44,23.86,24.44,64555100,21.48
2009-07-15,23.75,24.12,23.56,24.12,67238700,21.20
2009-07-14,23.20,23.22,22.86,23.11,45448700,20.31
2009-07-13,22.42,23.29,22.14,23.23,67584000,20.42
2009-07-10,22.19,22.54,22.15,22.39,43229200,19.68
2009-07-09,22.65,22.81,22.37,22.44,46981200,19.72
2009-07-08,22.31,22.69,22.00,22.56,73023400,19.83
2009-07-07,23.08,23.14,22.46,22.53,52842500,19.80
2009-07-06,23.21,23.28,22.87,23.20,49207700,20.39
2009-07-02,23.76,24.04,23.21,23.37,65422200,20.54
2009-07-01,24.05,24.30,23.96,24.04,54908400,21.13
2009-06-30,23.97,24.24,23.63,23.77,66452400,20.89
2009-06-29,23.60,24.03,23.55,23.86,62854900,20.97
2009-06-26,23.57,23.69,23.32,23.35,65126400,20.52
2009-06-25,23.43,23.92,23.20,23.79,57724300,20.91
2009-06-24,23.45,23.75,23.36,23.47,54287700,20.63
2009-06-23,23.38,23.66,23.21,23.34,56752700,20.51
2009-06-22,23.95,23.95,23.25,23.28,71291600,20.46
2009-06-19,24.04,24.34,23.75,24.07,115459000,21.16
2009-06-18,23.62,23.69,23.30,23.50,58852200,20.65
2009-06-17,23.50,23.82,23.17,23.68,86483100,20.81
2009-06-16,23.47,24.11,23.44,23.45,105295600,20.61
2009-06-15,23.23,23.54,23.02,23.42,69089600,20.58
2009-06-12,22.90,23.38,22.74,23.33,50963500,20.51
2009-06-11,22.59,23.26,22.57,22.83,65124600,20.07
2009-06-10,22.17,22.62,22.12,22.55,61297200,19.82
2009-06-09,22.06,22.32,21.88,22.08,50887700,19.41
2009-06-08,21.98,22.32,21.63,22.05,49000600,19.38
2009-06-05,21.96,22.31,21.81,22.14,59579200,19.46
2009-06-04,21.77,21.90,21.58,21.83,42330000,19.19
2009-06-03,21.31,21.76,21.29,21.73,56039600,19.10
2009-06-02,21.36,21.98,21.20,21.40,48935700,18.81
2009-06-01,21.00,21.50,20.86,21.40,57317100,18.81
2009-05-29,20.56,20.94,20.30,20.89,46134900,18.36
2009-05-28,20.32,20.63,20.05,20.45,45480800,17.97
2009-05-27,20.25,20.60,20.07,20.13,42892900,17.69
2009-05-26,19.54,20.45,19.45,20.34,44991700,17.88
2009-05-22,19.93,20.17,19.47,19.75,37318700,17.36
2009-05-21,20.14,20.23,19.51,19.82,58232800,17.42
2009-05-20,20.41,20.69,20.22,20.38,47450700,17.91
2009-05-19,20.51,20.74,20.25,20.31,51368300,17.85
2009-05-18,20.36,20.60,20.24,20.60,46073800,17.99
2009-05-15,20.13,20.50,19.98,20.22,61289900,17.66
2009-05-14,19.83,20.23,19.80,20.06,54539500,17.52
2009-05-13,19.92,20.00,19.67,19.75,49281700,17.25
2009-05-12,19.51,20.06,19.47,19.89,71966800,17.37
2009-05-11,19.20,19.73,19.01,19.32,63762600,16.87
2009-05-08,19.46,19.64,19.14,19.42,67597600,16.96
2009-05-07,19.96,19.99,19.14,19.32,68727200,16.87
2009-05-06,20.06,20.07,19.61,19.79,59639100,17.28
2009-05-05,20.14,20.24,19.64,19.79,66835500,17.28
2009-05-04,20.37,20.40,19.98,20.19,54313400,17.63
2009-05-01,20.19,20.35,19.86,20.24,63224500,17.68
2009-04-30,20.60,21.10,20.01,20.26,87439900,17.69
2009-04-29,20.11,20.89,20.06,20.25,79301600,17.69
2009-04-28,20.25,20.27,19.79,19.93,76685200,17.41
2009-04-27,20.55,20.82,20.28,20.40,68219600,17.82
2009-04-24,19.82,21.20,19.50,20.91,168478500,18.26
2009-04-23,18.92,18.94,18.47,18.92,86116300,16.52
2009-04-22,18.76,19.19,18.70,18.78,59401000,16.40
2009-04-21,18.59,19.08,18.57,18.97,60928300,16.57
2009-04-20,18.89,18.95,18.57,18.61,62937200,16.25
2009-04-17,19.69,19.69,19.00,19.20,61398500,16.77
2009-04-16,19.16,19.78,18.99,19.76,67688700,17.26
2009-04-15,19.21,19.25,18.51,18.83,72725500,16.45
2009-04-14,19.44,19.55,19.00,19.35,63796300,16.90
2009-04-13,19.69,19.85,19.37,19.59,44444700,17.11
2009-04-09,19.45,19.70,19.22,19.67,55759600,17.18
2009-04-08,18.97,19.62,18.96,19.19,56408900,16.76
2009-04-07,18.76,19.14,18.63,18.76,65815200,16.38
2009-04-06,18.54,18.76,18.27,18.76,47476100,16.38
2009-04-03,19.13,19.15,18.43,18.75,81858400,16.38
2009-04-02,19.50,19.89,19.00,19.29,99082300,16.85
2009-04-01,18.23,19.36,18.18,19.31,96438900,16.87
2009-03-31,17.83,18.79,17.78,18.37,92423300,16.04
2009-03-30,17.74,17.76,17.27,17.48,49633000,15.27
2009-03-27,18.54,18.62,18.05,18.13,47670400,15.83
2009-03-26,18.17,18.88,18.12,18.83,63775100,16.45
2009-03-25,17.98,18.31,17.52,17.88,73927100,15.62
2009-03-24,18.04,18.21,17.84,17.93,50044100,15.66
2009-03-23,17.37,18.59,17.31,18.33,71600000,16.01
2009-03-20,17.32,17.65,16.88,17.06,81725500,14.90
2009-03-19,17.37,17.45,16.92,17.14,58994600,14.97
2009-03-18,17.03,17.22,16.60,16.96,70710700,14.81
2009-03-17,16.32,16.90,16.26,16.90,62481000,14.76
2009-03-16,16.82,16.96,16.24,16.25,67028900,14.19
2009-03-13,16.98,17.05,16.18,16.65,82965800,14.54
2009-03-12,17.01,17.04,16.48,17.01,93694100,14.86
2009-03-11,16.63,17.20,16.43,17.11,84522200,14.94
2009-03-10,15.37,16.62,15.25,16.48,95184200,14.39
2009-03-09,15.20,15.74,15.10,15.15,66479100,13.23
2009-03-06,15.35,15.62,14.87,15.28,92821400,13.35
2009-03-05,15.86,15.88,15.27,15.27,89708500,13.34
2009-03-04,16.12,16.40,15.89,16.12,69285100,14.08
2009-03-03,16.03,16.24,15.64,15.88,80476600,13.87
2009-03-02,15.96,16.25,15.72,15.79,80602100,13.79
2009-02-27,16.29,16.52,16.10,16.15,93428000,14.11
2009-02-26,17.05,17.08,16.42,16.42,83219500,14.34
2009-02-25,17.01,17.24,16.46,16.96,105894600,14.81
2009-02-24,17.03,17.35,16.36,17.17,122674500,15.00
2009-02-23,18.02,18.15,17.16,17.21,70803400,15.03
2009-02-20,17.77,18.19,17.66,18.00,69413800,15.72
2009-02-19,18.30,18.38,17.81,17.91,49195600,15.64
2009-02-18,18.22,18.45,18.00,18.12,54946900,15.83
2009-02-17,18.49,18.50,17.89,18.09,75853300,15.80
2009-02-13,19.27,19.47,19.04,19.09,47416000,16.56
2009-02-12,18.97,19.32,18.54,19.26,75323200,16.71
2009-02-11,18.94,19.49,18.92,19.21,58599000,16.66
2009-02-10,19.25,19.80,18.70,18.80,83953200,16.31
2009-02-09,19.64,19.77,19.26,19.44,52196400,16.86
2009-02-06,19.16,19.93,19.06,19.66,86746000,17.05
2009-02-05,18.51,19.14,18.25,19.04,75195200,16.52
2009-02-04,18.54,19.00,18.50,18.63,75618000,16.16
2009-02-03,17.85,18.61,17.60,18.50,86865100,16.05
2009-02-02,17.03,18.13,17.00,17.83,88871700,15.47
2009-01-30,17.74,17.79,17.10,17.10,62370900,14.83
2009-01-29,17.78,17.96,17.56,17.59,49192800,15.26
2009-01-28,17.80,18.31,17.76,18.04,64145500,15.65
2009-01-27,17.78,17.97,17.43,17.66,61695000,15.32
2009-01-26,17.29,17.81,17.23,17.63,92476500,15.29
2009-01-23,16.97,17.49,16.75,17.20,117020600,14.92
2009-01-22,18.05,18.18,17.07,17.11,222436600,14.84
2009-01-21,18.87,19.45,18.46,19.38,68340900,16.81
2009-01-20,19.46,19.62,18.37,18.48,89873000,16.03
2009-01-16,19.63,19.91,19.15,19.71,79634100,17.10
2009-01-15,19.07,19.30,18.52,19.24,96169800,16.69
2009-01-14,19.53,19.68,19.01,19.09,80257500,16.56
2009-01-13,19.52,19.99,19.52,19.82,65843500,17.19
2009-01-12,19.71,19.79,19.30,19.47,52163500,16.89
2009-01-09,20.17,20.30,19.41,19.52,49815300,16.93
2009-01-08,19.63,20.19,19.55,20.12,70255400,17.45
2009-01-07,20.19,20.29,19.48,19.51,72709900,16.92
2009-01-06,20.75,21.00,20.61,20.76,58083400,18.01
2009-01-05,20.20,20.67,20.06,20.52,61475200,17.80
2009-01-02,19.53,20.40,19.37,20.33,50084000,17.63
2008-12-31,19.31,19.68,19.27,19.44,46419000,16.86
2008-12-30,19.01,19.49,19.00,19.34,43224100,16.78
2008-12-29,19.15,19.21,18.64,18.96,58512800,16.45
2008-12-26,19.20,19.33,19.09,19.13,23101000,16.59
2008-12-24,19.26,19.45,19.10,19.17,16880400,16.63
2008-12-23,19.28,19.57,19.01,19.28,47511400,16.72
2008-12-22,19.24,19.29,18.89,19.18,58575400,16.64
2008-12-19,19.42,19.80,19.11,19.12,113530400,16.59
2008-12-18,19.86,20.02,18.99,19.30,80759200,16.74
2008-12-17,19.81,20.05,19.50,19.66,78922700,17.05
2008-12-16,19.21,20.18,19.00,20.11,97688700,17.44
2008-12-15,19.34,19.44,18.89,19.04,59925900,16.52
2008-12-12,19.15,19.85,18.70,19.36,78112600,16.79
2008-12-11,20.11,20.12,19.31,19.45,83564300,16.87
2008-12-10,20.82,20.96,20.30,20.61,61499000,17.88
2008-12-09,20.62,21.25,20.46,20.60,80484900,17.87
2008-12-08,20.35,21.25,20.14,21.01,107225000,18.22
2008-12-05,18.91,19.98,18.47,19.87,91996200,17.24
2008-12-04,19.40,19.92,18.79,19.11,78719200,16.58
2008-12-03,18.65,19.90,18.60,19.87,80961500,17.24
2008-12-02,18.99,19.31,18.56,19.15,79689800,16.61
2008-12-01,19.88,19.95,18.60,18.61,79639900,16.14
2008-11-28,20.23,20.31,20.02,20.22,28650800,17.54
2008-11-26,19.73,20.68,19.73,20.49,79678300,17.77
2008-11-25,20.86,20.93,19.55,19.99,92948100,17.34
2008-11-24,19.89,20.94,19.87,20.69,125289900,17.95
2008-11-21,18.02,19.70,17.98,19.68,157231900,17.07
2008-11-20,18.12,18.84,17.50,17.53,139532800,15.21
2008-11-19,19.63,19.95,18.25,18.29,103010500,15.87
2008-11-18,19.50,19.66,18.75,19.62,108966500,17.02
2008-11-17,19.74,20.24,19.15,19.32,97289000,16.65
2008-11-14,20.56,21.34,19.65,20.06,96624500,17.28
2008-11-13,20.15,21.25,18.74,21.25,148413700,18.31
2008-11-12,20.89,21.00,20.28,20.30,90162300,17.49
2008-11-11,21.29,21.30,20.79,21.20,78014500,18.27
2008-11-10,21.85,21.97,21.19,21.30,67106800,18.35
2008-11-07,21.32,21.54,21.00,21.50,71256300,18.52
2008-11-06,21.87,22.08,20.86,20.88,95509700,17.99
2008-11-05,23.33,23.34,22.05,22.08,81179700,19.02
2008-11-04,23.13,23.66,22.87,23.53,72123000,20.27
2008-11-03,22.48,22.91,22.21,22.62,61923500,19.49
2008-10-31,22.53,22.91,22.12,22.33,93055200,19.24
2008-10-30,23.69,23.88,22.39,22.63,95323000,19.50
2008-10-29,23.13,23.97,22.70,23.00,111701800,19.82
2008-10-28,21.64,23.21,21.34,23.10,134088800,19.90
2008-10-27,21.67,21.96,21.02,21.18,117683900,18.25
2008-10-24,21.06,22.86,20.95,21.96,153919700,18.92
2008-10-23,21.55,22.59,20.89,22.32,154774100,19.23
2008-10-22,23.04,23.06,20.90,21.53,150054800,18.55
2008-10-21,24.30,25.01,23.27,23.36,100385600,20.13
2008-10-20,24.20,24.75,23.01,24.72,93484300,21.30
2008-10-17,23.57,25.11,23.31,23.93,133673100,20.62
2008-10-16,22.94,24.19,21.31,24.19,161147800,20.84
2008-10-15,23.78,24.25,22.48,22.66,113280200,19.52
2008-10-14,25.64,25.73,23.60,24.10,165674900,20.76
2008-10-13,22.86,25.50,22.63,25.50,144935400,21.97
2008-10-10,21.79,22.35,20.65,21.50,228467500,18.52
2008-10-09,23.77,23.91,22.07,22.30,131948700,19.21
2008-10-08,22.90,24.30,22.50,23.01,171598600,19.83
2008-10-07,24.98,25.21,23.14,23.23,145941200,20.01
2008-10-06,25.63,25.99,24.14,24.91,146374600,21.46
2008-10-03,26.37,27.47,26.24,26.32,114289400,22.68
2008-10-02,26.18,26.53,25.70,26.25,93819800,22.62
2008-10-01,26.38,26.99,26.28,26.48,88957000,22.82
2008-09-30,25.77,26.69,25.54,26.69,107192700,23.00
2008-09-29,26.94,27.66,25.01,25.01,134383100,21.55
2008-09-26,26.17,27.56,26.14,27.40,100744300,23.61
2008-09-25,25.82,26.88,25.74,26.61,96203500,22.93
2008-09-24,25.58,26.09,25.46,25.72,80250300,22.16
2008-09-23,25.66,26.17,25.34,25.44,92181300,21.92
2008-09-22,26.22,26.32,25.32,25.40,105207700,21.88
2008-09-19,26.37,26.40,23.50,25.16,134926100,21.68
2008-09-18,24.80,25.35,24.01,25.26,132291300,21.76
2008-09-17,25.73,25.87,24.50,24.57,106972100,21.17
2008-09-16,26.09,26.49,25.52,25.99,111729700,22.39
2008-09-15,26.92,27.49,26.73,26.82,82349400,23.11
2008-09-12,27.14,27.74,26.94,27.62,75628500,23.80
2008-09-11,26.10,27.46,26.03,27.34,72913300,23.56
2008-09-10,26.52,26.86,26.25,26.44,75064900,22.78
2008-09-09,26.20,26.60,26.05,26.10,85735700,22.49
2008-09-08,26.21,26.33,25.67,26.12,62110800,22.50
2008-09-05,26.03,26.22,25.63,25.65,82305200,22.10
2008-09-04,26.74,26.89,26.35,26.35,66141900,22.70
2008-09-03,27.00,27.18,26.84,26.90,57127700,23.18
2008-09-02,27.67,27.76,27.06,27.10,66079200,23.35
2008-08-29,27.68,27.78,27.29,27.29,50735500,23.51
2008-08-28,27.61,28.01,27.60,27.94,48372600,24.07
2008-08-27,27.34,27.79,27.13,27.56,33975300,23.75
2008-08-26,27.58,27.72,27.17,27.27,44774400,23.50
2008-08-25,27.61,27.84,27.46,27.66,51381300,23.83
2008-08-22,27.23,27.88,27.22,27.84,47930400,23.99
2008-08-21,27.10,27.23,26.86,27.18,43614200,23.42
2008-08-20,27.54,27.58,27.17,27.29,41497200,23.51
2008-08-19,27.54,27.75,27.27,27.32,40332900,23.54
2008-08-18,27.78,28.05,27.55,27.69,38078200,23.76
2008-08-15,27.98,28.15,27.58,27.81,47267400,23.87
2008-08-14,27.82,28.28,27.56,27.91,49732300,23.95
2008-08-13,28.07,28.50,27.76,27.91,51165200,23.95
2008-08-12,27.78,28.36,27.58,28.12,62813000,24.13
2008-08-11,27.86,28.40,27.66,27.90,68743800,23.94
2008-08-08,27.35,28.23,27.19,28.13,80814100,24.14
2008-08-07,26.90,27.75,26.73,27.39,82565800,23.51
2008-08-06,26.73,27.16,26.38,27.02,95550000,23.19
2008-08-05,25.64,26.28,25.50,26.21,84297600,22.49
2008-08-04,25.39,25.55,25.11,25.28,60588300,21.69
2008-08-01,25.92,25.95,25.07,25.44,82720200,21.83
2008-07-31,25.85,26.28,25.71,25.72,60461000,22.07
2008-07-30,26.20,26.49,25.90,26.23,51977700,22.51
2008-07-29,25.52,26.19,25.40,26.11,66368200,22.41
2008-07-28,26.06,26.11,25.34,25.50,59707800,21.88
2008-07-25,25.64,26.22,25.50,26.16,58682300,22.45
2008-07-24,26.09,26.17,25.44,25.44,81092600,21.83
2008-07-23,25.86,26.84,25.85,26.43,79408800,22.68
2008-07-22,25.54,25.94,25.48,25.80,88657200,22.14
2008-07-21,25.66,26.17,25.53,25.64,77575600,22.00
2008-07-18,26.36,26.47,25.11,25.86,150277000,22.19
2008-07-17,27.58,27.91,27.11,27.52,96526100,23.62
2008-07-16,26.13,27.29,25.92,27.26,82060400,23.39
2008-07-15,24.93,26.64,24.93,26.15,92719300,22.44
2008-07-14,25.48,25.81,25.07,25.15,51216200,21.58
2008-07-11,25.16,25.64,24.87,25.25,69532600,21.67
2008-07-10,25.20,25.67,24.98,25.45,57830600,21.84
2008-07-09,25.79,25.85,25.18,25.23,54255800,21.65
2008-07-08,25.93,26.20,25.51,25.85,65553200,22.18
2008-07-07,26.11,26.39,25.45,26.03,71527600,22.34
2008-07-03,25.97,26.10,25.60,25.98,37074500,22.30
2008-07-02,26.90,27.00,25.88,25.88,84669000,22.21
2008-07-01,27.27,27.38,26.44,26.87,100327800,23.06
2008-06-30,27.73,27.98,27.49,27.51,57830500,23.61
2008-06-27,27.68,27.91,27.46,27.63,73450200,23.71
2008-06-26,28.03,28.20,27.75,27.75,67049100,23.81
2008-06-25,27.81,28.67,27.76,28.35,64280200,24.33
2008-06-24,27.92,28.01,27.51,27.73,65218300,23.80
2008-06-23,28.30,28.41,27.79,27.97,57145300,24.00
2008-06-20,28.90,28.92,28.10,28.23,97480400,24.23
2008-06-19,28.55,29.19,28.33,28.93,62037800,24.83
2008-06-18,28.55,28.86,28.46,28.46,49677800,24.42
2008-06-17,29.04,29.12,28.79,28.80,44256700,24.72
2008-06-16,29.02,29.11,28.64,28.93,74718900,24.83
2008-06-13,28.63,29.57,28.50,29.07,131969100,24.95
2008-06-12,27.40,28.55,27.19,28.24,113996300,24.23
2008-06-11,27.85,27.94,27.11,27.12,59330800,23.27
2008-06-10,27.36,28.29,27.32,27.89,77433900,23.93
2008-06-09,27.65,27.91,27.30,27.71,66787100,23.78
2008-06-06,27.99,28.17,27.49,27.49,78500800,23.59
2008-06-05,27.72,28.30,27.60,28.30,76063400,24.29
2008-06-04,27.28,27.64,27.20,27.54,79567400,23.63
2008-06-03,27.91,28.31,27.27,27.31,86616700,23.44
2008-06-02,28.24,28.36,27.55,27.80,77028400,23.86
2008-05-30,28.38,28.70,28.20,28.32,63399200,24.30
2008-05-29,28.21,28.68,28.14,28.31,47699200,24.29
2008-05-28,28.56,28.57,28.04,28.18,52318500,24.18
2008-05-27,28.11,28.50,28.05,28.44,47334500,24.41
2008-05-23,28.26,28.33,27.95,28.05,48890700,24.07
2008-05-22,28.28,28.70,28.18,28.47,52203100,24.43
2008-05-21,28.81,29.05,28.19,28.25,60125100,24.24
2008-05-20,29.30,29.31,28.63,28.76,75767600,24.68
2008-05-19,29.87,29.89,29.31,29.46,59615000,25.28
2008-05-16,30.47,30.48,29.92,29.99,81538200,25.74
2008-05-15,29.98,30.53,29.94,30.45,53355800,26.13
2008-05-14,29.89,30.26,29.73,29.93,66730400,25.69
2008-05-13,30.00,30.13,29.53,29.78,70934700,25.56
2008-05-12,29.40,30.06,29.35,29.99,64278800,25.64
2008-05-09,29.21,29.55,28.95,29.39,51621200,25.13
2008-05-08,29.28,29.39,29.00,29.27,69589900,25.03
2008-05-07,29.69,30.14,29.08,29.21,88775000,24.98
2008-05-06,29.00,29.86,28.93,29.70,93582000,25.39
2008-05-05,29.93,30.23,28.99,29.08,119687700,24.86
2008-05-02,29.59,29.62,28.86,29.24,66024200,25.00
2008-05-01,28.50,29.49,28.48,29.40,71699400,25.14
2008-04-30,28.74,29.21,28.51,28.52,74733600,24.39
2008-04-29,28.80,28.90,28.45,28.64,84428900,24.49
2008-04-28,29.80,29.84,28.82,28.99,97473000,24.79
2008-04-25,30.05,30.39,29.60,29.83,145194900,25.51
2008-04-24,31.63,32.10,31.16,31.80,115416700,27.19
2008-04-23,30.45,31.46,30.30,31.45,98351500,26.89
2008-04-22,30.64,30.70,29.97,30.25,67387500,25.86
2008-04-21,30.19,30.60,30.12,30.42,54411700,26.01
2008-04-18,30.01,30.10,29.61,30.00,73658900,25.65
2008-04-17,29.12,29.34,28.90,29.22,48743300,24.98
2008-04-16,28.57,29.05,28.38,28.95,54107400,24.75
2008-04-15,28.12,28.48,28.03,28.25,34310000,24.15
2008-04-14,28.24,28.31,27.93,28.06,43418100,23.99
2008-04-11,28.87,29.01,28.21,28.28,54373700,24.18
2008-04-10,28.83,29.40,28.80,29.11,65591600,24.89
2008-04-09,28.72,29.04,28.54,28.89,45839300,24.70
2008-04-08,28.94,29.00,28.54,28.75,44733500,24.58
2008-04-07,29.55,29.59,29.03,29.16,44428600,24.93
2008-04-04,29.13,29.26,28.74,29.16,43860800,24.93
2008-04-03,29.00,29.32,28.80,29.00,38961400,24.80
2008-04-02,29.57,29.58,29.00,29.16,49499400,24.93
2008-04-01,28.83,29.54,28.63,29.50,65796200,25.22
2008-03-31,27.88,28.59,27.84,28.38,46780600,24.27
2008-03-28,28.23,28.43,27.83,27.91,49244000,23.86
2008-03-27,28.48,28.49,28.00,28.05,47894400,23.98
2008-03-26,29.03,29.07,28.38,28.56,45868100,24.42
2008-03-25,29.33,29.37,28.94,29.14,49149000,24.92
2008-03-24,29.33,29.40,29.06,29.17,48294700,24.94
2008-03-20,28.74,29.22,28.59,29.18,60170200,24.95
2008-03-19,29.38,29.59,28.62,28.62,61442100,24.47
2008-03-18,28.67,29.48,28.67,29.42,83695300,25.15
2008-03-17,27.30,28.73,27.28,28.30,84490100,24.20
2008-03-14,28.72,29.01,27.64,27.96,105214900,23.91
2008-03-13,28.54,28.99,28.16,28.62,84552200,24.47
2008-03-12,29.43,29.49,28.54,28.63,75993800,24.48
2008-03-11,28.40,29.34,28.38,29.28,98740700,25.04
2008-03-10,27.83,28.26,27.75,28.05,72175100,23.98
2008-03-07,27.34,28.07,27.32,27.87,77597600,23.83
2008-03-06,28.06,28.17,27.50,27.57,91127700,23.57
2008-03-05,27.75,28.41,27.70,28.12,106489800,24.04
2008-03-04,27.02,27.63,26.96,27.59,86925600,23.59
2008-03-03,27.24,27.39,26.87,26.99,76544300,23.08
2008-02-29,27.69,27.83,27.02,27.20,117411400,23.26
2008-02-28,28.02,28.27,27.80,27.93,83002900,23.88
2008-02-27,28.19,28.68,28.10,28.26,75199500,24.16
2008-02-26,27.74,28.86,27.67,28.38,108923500,24.27
2008-02-25,27.65,28.24,27.48,27.84,109974300,23.80
2008-02-22,28.24,28.39,27.20,27.68,125705400,23.67
2008-02-21,28.62,28.96,27.96,28.10,98776500,24.03
2008-02-20,28.15,28.26,27.92,28.22,93056200,24.13
2008-02-19,28.80,28.84,28.07,28.17,68261200,24.09
2008-02-15,28.31,28.64,28.25,28.42,68166100,24.21
2008-02-14,28.88,29.04,28.46,28.50,69113500,24.27
2008-02-13,28.62,29.05,28.53,28.96,88986200,24.67
2008-02-12,28.43,28.62,28.11,28.34,84365900,24.14
2008-02-11,28.52,28.61,27.91,28.21,156814100,24.03
2008-02-08,28.29,29.08,28.24,28.56,124872000,24.33
2008-02-07,28.34,28.78,27.90,28.12,164964900,23.95
2008-02-06,29.28,29.35,28.29,28.52,138315600,24.29
2008-02-05,29.91,29.94,28.89,29.07,137534100,24.76
2008-02-04,30.49,30.72,30.11,30.19,119998600,25.71
2008-02-01,31.06,33.25,30.25,30.45,291138900,25.93
2008-01-31,31.91,32.74,31.72,32.60,103642200,27.77
2008-01-30,32.56,32.80,32.05,32.20,106432600,27.43
2008-01-29,32.85,32.89,32.35,32.60,68023000,27.77
2008-01-28,33.02,33.10,32.42,32.72,81019000,27.87
2008-01-25,34.90,35.00,32.87,32.94,196992300,28.06
2008-01-24,32.35,33.36,32.12,33.25,155640400,28.32
2008-01-23,31.48,32.05,31.04,31.93,137597400,27.20
2008-01-22,31.54,32.53,31.50,31.96,108521400,27.22
2008-01-18,33.16,34.00,32.97,33.01,117062000,28.12
2008-01-17,33.54,33.80,32.97,33.11,94247800,28.20
2008-01-16,33.42,33.65,32.51,33.23,120778500,28.30
2008-01-15,34.03,34.38,34.00,34.00,61606200,28.96
2008-01-14,34.46,34.57,34.08,34.39,52792200,29.29
2008-01-11,34.14,34.24,33.72,33.91,55187900,28.88
2008-01-10,34.35,34.50,33.78,34.33,72446000,29.24
2008-01-09,33.36,34.54,33.35,34.44,74305500,29.33
2008-01-08,34.71,34.71,33.40,33.45,79148300,28.49
2008-01-07,34.55,34.80,34.25,34.61,80164300,29.48
2008-01-04,35.19,35.20,34.09,34.38,72090800,29.28
2008-01-03,35.22,35.65,34.86,35.37,49599600,30.13
2008-01-02,35.79,35.96,35.00,35.22,63004200,30.00
2007-12-31,35.90,35.99,35.52,35.60,35229700,30.32
2007-12-28,36.10,36.23,35.67,36.12,33447200,30.76
2007-12-27,36.35,36.55,35.94,35.97,33311100,30.64
2007-12-26,36.41,36.64,36.26,36.61,30252400,31.18
2007-12-24,36.13,36.72,36.05,36.58,29622600,31.16
2007-12-21,35.90,36.06,35.75,36.06,83240500,30.71
2007-12-20,35.29,35.79,35.08,35.52,59345000,30.25
2007-12-19,34.69,35.14,34.38,34.79,58469100,29.63
2007-12-18,34.64,35.00,34.21,34.74,52791800,29.59
2007-12-17,35.03,35.13,34.36,34.39,58121200,29.29
2007-12-14,35.05,35.84,35.01,35.31,71126200,30.07
2007-12-13,34.48,35.45,34.28,35.22,73913200,30.00
2007-12-12,34.61,35.09,33.93,34.47,63345400,29.36
2007-12-11,34.73,34.99,33.93,34.10,55070700,29.04
2007-12-10,34.64,34.95,34.47,34.76,36083500,29.61
2007-12-07,34.61,34.70,34.22,34.53,40771000,29.41
2007-12-06,34.26,34.61,33.87,34.55,49209700,29.43
2007-12-05,33.14,34.52,33.03,34.15,84894700,29.09
2007-12-04,32.74,33.24,32.63,32.77,54801500,27.91
2007-12-03,33.50,33.64,32.68,32.92,61770600,28.04
2007-11-30,33.92,34.12,33.19,33.60,71027800,28.62
2007-11-29,33.58,33.93,33.31,33.59,53633600,28.61
2007-11-28,33.38,33.89,32.90,33.70,88585000,28.70
2007-11-27,33.27,33.60,32.68,33.06,84178400,28.16
2007-11-26,34.09,34.37,32.93,32.97,80335000,28.08
2007-11-23,34.36,34.44,33.71,34.11,33467200,29.05
2007-11-21,34.40,34.73,34.18,34.23,89518700,29.15
2007-11-20,34.23,34.97,34.10,34.58,100009400,29.45
2007-11-19,33.96,34.24,33.87,33.96,63026200,28.92
2007-11-16,33.86,34.26,33.71,34.09,71113800,29.04
2007-11-15,33.76,34.10,33.55,33.76,64014100,28.75
2007-11-14,34.62,34.75,33.75,33.93,84063100,28.90
2007-11-13,33.54,34.67,33.38,34.46,104311500,29.35
2007-11-12,33.32,33.71,33.02,33.38,84865200,28.34
2007-11-09,34.18,34.54,33.65,33.73,125136900,28.63
2007-11-08,35.60,35.90,34.40,34.74,133742400,29.49
2007-11-07,36.04,36.16,35.45,35.52,74897800,30.15
2007-11-06,36.59,36.66,35.87,36.41,100966700,30.91
2007-11-05,36.76,37.10,36.63,36.73,75485400,31.18
2007-11-02,37.22,37.50,36.42,37.06,96389800,31.46
2007-11-01,36.53,37.49,36.36,37.06,152078800,31.46
2007-10-31,35.52,37.00,35.51,36.81,185635800,31.25
2007-10-30,34.37,35.59,34.35,35.57,107297300,30.20
2007-10-29,34.85,35.29,34.45,34.57,114655600,29.35
2007-10-26,36.01,36.03,34.56,35.03,288121200,29.74
2007-10-25,31.57,32.22,31.49,31.99,169588700,27.16
2007-10-24,30.85,31.30,30.50,31.25,77979200,26.53
2007-10-23,30.71,31.12,30.71,30.90,49956200,26.23
2007-10-22,30.12,30.70,30.12,30.51,58785100,25.90
2007-10-19,31.09,31.09,30.11,30.17,75200200,25.61
2007-10-18,31.22,31.23,30.63,31.16,49208600,26.45
2007-10-17,30.75,31.23,30.65,31.08,86092400,26.38
2007-10-16,30.24,30.58,30.23,30.32,56286200,25.74
2007-10-15,30.10,30.33,30.00,30.04,47150500,25.50
2007-10-12,30.03,30.40,29.95,30.17,31121100,25.61
2007-10-11,30.30,30.63,29.79,29.91,50788400,25.39
2007-10-10,30.04,30.37,30.03,30.23,32251500,25.66
2007-10-09,30.03,30.39,30.00,30.10,63603100,25.55
2007-10-08,29.66,29.85,29.60,29.84,30265400,25.33
2007-10-05,29.89,29.99,29.73,29.84,45012300,25.33
2007-10-04,29.56,29.77,29.44,29.71,37868000,25.22
2007-10-03,29.71,29.85,29.29,29.45,37633900,25.00
2007-10-02,29.70,29.85,29.57,29.70,33700900,25.21
2007-10-01,29.46,29.79,29.41,29.77,43875100,25.27
2007-09-28,29.49,29.69,29.23,29.46,45819100,25.01
2007-09-27,29.70,29.72,29.44,29.49,43407100,25.03
2007-09-26,29.68,29.85,29.48,29.50,60337000,25.04
2007-09-25,29.14,29.56,29.11,29.56,75621000,25.09
2007-09-24,28.81,29.61,28.80,29.08,104459800,24.69
2007-09-21,28.69,28.81,28.44,28.65,135636100,24.32
2007-09-20,28.48,28.58,28.34,28.42,67168900,24.13
2007-09-19,28.87,28.91,28.30,28.67,94242200,24.34
2007-09-18,28.70,28.97,28.27,28.93,77462400,24.56
2007-09-17,28.79,28.88,28.62,28.73,39536500,24.39
2007-09-14,28.98,29.11,28.88,29.04,33496600,24.65
2007-09-13,29.12,29.26,28.96,29.16,35288600,24.75
2007-09-12,28.81,29.17,28.80,28.93,42364700,24.56
2007-09-11,28.63,28.95,28.58,28.93,34380800,24.56
2007-09-10,28.67,28.75,28.41,28.48,37247600,24.18
2007-09-07,28.62,28.83,28.32,28.44,52160900,24.14
2007-09-06,28.56,29.01,28.55,28.91,45430800,24.54
2007-09-05,28.65,28.73,28.42,28.48,47669800,24.18
2007-09-04,28.50,29.10,28.48,28.81,45689600,24.46
2007-08-31,28.70,28.92,28.36,28.73,42511900,24.39
2007-08-30,28.42,28.93,28.32,28.45,33690700,24.15
2007-08-29,28.13,28.61,27.82,28.59,45753700,24.27
2007-08-28,28.30,28.49,27.91,27.93,43924400,23.71
2007-08-27,28.61,28.77,28.40,28.49,32789500,24.19
2007-08-24,28.21,28.84,28.07,28.81,45158900,24.46
2007-08-23,28.28,28.33,28.10,28.30,33886600,24.02
2007-08-22,28.27,28.32,28.01,28.22,44763500,23.96
2007-08-21,28.10,28.32,27.87,28.07,50786200,23.83
2007-08-20,28.18,28.49,28.08,28.26,49952000,23.99
2007-08-17,28.09,28.25,27.82,28.25,76747700,23.98
2007-08-16,27.88,28.35,27.51,27.81,81447400,23.61
2007-08-15,28.24,28.99,28.05,28.10,48117700,23.85
2007-08-14,28.77,28.89,28.20,28.27,42944100,24.00
2007-08-13,28.94,28.99,28.44,28.63,55492300,24.22
2007-08-10,28.90,29.05,28.26,28.71,76576200,24.29
2007-08-09,29.64,30.10,28.92,29.30,72964500,24.79
2007-08-08,29.72,30.01,29.21,30.00,52898600,25.38
2007-08-07,29.33,29.79,29.05,29.55,49163000,25.00
2007-08-06,29.05,29.54,28.75,29.54,59530500,24.99
2007-08-03,29.45,29.78,28.90,28.96,61535500,24.50
2007-08-02,29.19,29.79,29.02,29.52,47938300,24.97
2007-08-01,28.95,29.55,28.82,29.30,80006300,24.79
2007-07-31,29.71,29.72,28.98,28.99,66554000,24.52
2007-07-30,29.41,29.49,28.95,29.40,67499600,24.87
2007-07-27,29.93,30.00,29.36,29.39,69214600,24.86
2007-07-26,30.24,30.53,29.51,29.98,87025300,25.36
2007-07-25,30.99,31.30,30.37,30.71,54950100,25.98
2007-07-24,31.01,31.48,30.71,30.80,59729300,26.06
2007-07-23,31.36,31.52,31.12,31.19,48910600,26.39
2007-07-20,31.15,31.20,30.79,31.16,98292600,26.36
2007-07-19,31.05,31.84,30.93,31.51,121159300,26.66
2007-07-18,30.51,30.97,30.50,30.92,64414400,26.16
2007-07-17,30.02,30.88,30.01,30.78,77539600,26.04
2007-07-16,29.76,30.24,29.72,30.03,48023200,25.40
2007-07-13,29.94,30.02,29.66,29.82,42173000,25.23
2007-07-12,29.56,30.11,29.44,30.07,54302400,25.44
2007-07-11,29.24,29.65,29.21,29.49,48017000,24.95
2007-07-10,29.70,29.99,29.18,29.33,66013500,24.81
2007-07-09,29.86,29.95,29.81,29.87,33831400,25.27
2007-07-06,29.91,30.04,29.66,29.97,57541000,25.35
2007-07-05,30.05,30.22,29.83,29.99,47838500,25.37
2007-07-03,29.79,30.22,29.78,30.02,35202600,25.40
2007-07-02,29.67,29.80,29.49,29.74,47316000,25.16
2007-06-29,29.87,29.93,29.04,29.47,71193900,24.93
2007-06-28,29.86,29.97,29.68,29.83,46055200,25.23
2007-06-27,29.36,29.95,29.36,29.87,53468600,25.27
2007-06-26,29.55,29.80,29.50,29.52,48340300,24.97
2007-06-25,29.47,29.77,29.38,29.49,53905800,24.95
2007-06-22,30.00,30.10,29.45,29.49,86219900,24.95
2007-06-21,29.98,30.30,29.91,30.22,56564800,25.56
2007-06-20,30.44,30.51,29.96,30.01,46861600,25.39
2007-06-19,30.48,30.66,30.38,30.46,46802600,25.77
2007-06-18,30.69,30.72,30.42,30.51,45412600,25.81
2007-06-15,30.86,30.88,30.43,30.49,100933000,25.79
2007-06-14,30.35,30.71,30.30,30.52,59065700,25.82
2007-06-13,29.97,30.41,29.85,30.39,64435600,25.71
2007-06-12,29.96,30.24,29.77,29.85,56981800,25.25
2007-06-11,29.94,30.25,29.93,30.02,48467400,25.40
2007-06-08,29.58,30.06,29.41,30.05,61346200,25.42
2007-06-07,30.02,30.29,29.59,29.62,71971400,25.06
2007-06-06,30.37,30.53,30.25,30.29,38217500,25.62
2007-06-05,30.62,30.63,30.33,30.58,44265000,25.87
2007-06-04,30.42,30.76,30.40,30.72,41434500,25.99
2007-06-01,30.79,30.90,30.55,30.59,39469400,25.88
2007-05-31,31.12,31.16,30.61,30.69,85290500,25.96
2007-05-30,30.55,31.13,30.51,31.11,57376800,26.32
2007-05-29,30.49,30.83,30.39,30.79,42373100,26.05
2007-05-25,30.28,30.66,30.18,30.48,47726500,25.78
2007-05-24,30.54,30.80,29.96,30.17,64046400,25.52
2007-05-23,30.84,30.84,30.57,30.58,46322500,25.87
2007-05-22,30.90,30.93,30.66,30.69,39999500,25.96
2007-05-21,30.73,31.16,30.73,31.05,41836400,26.27
2007-05-18,30.97,30.99,30.58,30.83,58453000,26.08
2007-05-17,31.03,31.14,30.96,30.98,41045600,26.21
2007-05-16,31.00,31.09,30.81,31.07,45833600,26.28
2007-05-15,30.90,31.09,30.84,30.90,75013900,26.14
2007-05-14,30.84,30.99,30.81,30.97,70188500,26.11
2007-05-11,30.57,30.98,30.55,30.89,43425300,26.05
2007-05-10,30.68,30.93,30.53,30.58,55398600,25.79
2007-05-09,30.70,30.93,30.57,30.78,51735000,25.95
2007-05-08,30.68,30.94,30.58,30.75,60551700,25.93
2007-05-07,30.52,30.76,30.48,30.71,59889100,25.90
2007-05-04,30.68,30.70,30.29,30.56,104385900,25.77
2007-05-03,30.60,31.00,30.53,30.97,82036800,26.11
2007-05-02,30.39,30.69,30.30,30.61,80686700,25.81
2007-05-01,29.94,30.42,29.90,30.40,73539300,25.63
2007-04-30,30.13,30.37,29.94,29.94,67788800,25.25
2007-04-27,30.17,30.74,30.00,30.12,128298800,25.40
2007-04-26,29.09,29.35,28.91,29.10,68760300,24.54
2007-04-25,28.86,29.00,28.69,28.99,39475000,24.44
2007-04-24,28.79,28.96,28.59,28.79,34236700,24.28
2007-04-23,28.96,28.99,28.67,28.78,41739100,24.27
2007-04-20,28.98,29.10,28.70,29.02,60311500,24.47
2007-04-19,28.34,28.89,28.26,28.69,43648800,24.19
2007-04-18,28.61,28.67,28.36,28.60,41778400,24.12
2007-04-17,28.63,28.89,28.56,28.85,33170200,24.33
2007-04-16,28.60,28.75,28.21,28.73,30740100,24.23
2007-04-13,28.43,28.70,28.10,28.61,36002900,24.12
2007-04-12,28.06,28.62,28.04,28.54,43762100,24.07
2007-04-11,28.30,28.57,27.99,28.11,44050200,23.70
2007-04-10,28.50,28.64,28.22,28.40,38643100,23.95
2007-04-09,28.58,28.72,28.39,28.57,31384600,24.09
2007-04-05,28.32,28.65,28.30,28.55,30131200,24.07
2007-04-04,28.01,28.78,27.90,28.50,63244200,24.03
2007-04-03,27.86,28.06,27.75,27.87,39821300,23.50
2007-04-02,27.89,27.93,27.56,27.74,41977600,23.39
2007-03-30,27.75,27.95,27.50,27.87,47061000,23.50
2007-03-29,27.84,27.85,27.49,27.75,42629900,23.40
2007-03-28,27.58,28.00,27.40,27.64,46947000,23.31
2007-03-27,28.04,28.16,27.65,27.72,58979800,23.37
2007-03-26,27.94,28.22,27.70,28.22,47491500,23.80
2007-03-23,28.22,28.27,27.80,28.02,50519800,23.63
2007-03-22,28.52,28.55,28.01,28.27,47934900,23.84
2007-03-21,27.90,28.52,27.56,28.52,72808200,24.05
2007-03-20,27.93,28.16,27.76,27.84,47902400,23.48
2007-03-19,27.34,27.83,27.20,27.83,49412000,23.47
2007-03-16,27.35,27.48,27.20,27.33,65055300,23.05
2007-03-15,27.32,27.47,27.20,27.28,51757100,23.00
2007-03-14,26.82,27.40,26.73,27.40,75730300,23.10
2007-03-13,27.25,27.40,26.71,26.72,75169500,22.53
2007-03-12,27.18,27.48,27.13,27.44,36516400,23.14
2007-03-09,27.42,27.48,27.03,27.29,80125000,23.01
2007-03-08,27.72,27.85,26.60,27.32,72175200,23.04
2007-03-07,27.76,27.90,27.55,27.61,52044700,23.28
2007-03-06,27.80,27.94,27.65,27.83,49361800,23.47
2007-03-05,27.49,27.91,27.41,27.55,56454300,23.23
2007-03-02,28.02,28.16,27.76,27.76,63254700,23.41
2007-03-01,27.82,28.33,27.73,28.09,80175700,23.69
2007-02-28,27.95,28.25,27.92,28.17,86333300,23.75
2007-02-27,28.71,28.97,27.79,27.87,87143300,23.50
2007-02-26,28.96,29.09,28.82,29.07,63481900,24.51
2007-02-23,29.22,29.28,28.89,28.90,63787100,24.37
2007-02-22,29.31,29.54,29.16,29.39,57754400,24.78
2007-02-21,28.75,29.39,28.74,29.35,68604900,24.75
2007-02-20,28.63,28.86,28.47,28.83,53978200,24.31
2007-02-16,28.91,28.94,28.65,28.74,109340300,24.23
2007-02-15,29.58,29.65,29.22,29.46,63858100,24.84
2007-02-14,29.17,29.69,29.15,29.40,55588600,24.79
2007-02-13,29.04,29.20,28.96,29.01,50348100,24.46
2007-02-12,28.89,29.09,28.83,28.94,52774400,24.32
2007-02-09,29.35,29.40,28.93,28.98,69823100,24.35
2007-02-08,29.24,29.80,29.20,29.26,48749000,24.59
2007-02-07,29.64,29.70,29.25,29.37,65145500,24.68
2007-02-06,29.59,29.75,29.22,29.51,79281100,24.80
2007-02-05,29.97,30.02,29.41,29.61,99102100,24.88
2007-02-02,30.82,30.84,30.13,30.19,60401700,25.37
2007-02-01,30.84,30.94,30.37,30.56,55355800,25.68
2007-01-31,30.41,31.10,30.35,30.86,73968400,25.93
2007-01-30,30.57,30.64,30.14,30.48,61900400,25.61
2007-01-29,30.65,30.78,30.34,30.53,57605900,25.65
2007-01-26,31.22,31.23,30.60,30.60,96103700,25.71
2007-01-25,31.08,31.48,30.45,30.45,97378700,25.59
2007-01-24,30.78,31.30,30.65,31.09,58527800,26.12
2007-01-23,30.63,30.96,30.52,30.74,49171200,25.83
2007-01-22,31.06,31.12,30.51,30.72,56143900,25.81
2007-01-19,30.73,31.11,30.69,31.11,75826900,26.14
2007-01-18,31.15,31.37,30.80,31.00,56364300,26.05
2007-01-17,31.26,31.44,31.01,31.10,58519600,26.13
2007-01-16,31.26,31.45,31.03,31.16,62379600,26.18
2007-01-12,30.65,31.39,30.64,31.21,103972500,26.23
2007-01-11,29.76,30.75,29.65,30.70,99464300,25.80
2007-01-10,29.80,29.89,29.43,29.66,55017400,24.92
2007-01-09,30.00,30.18,29.73,29.96,44636600,25.18
2007-01-08,29.65,30.10,29.53,29.93,50220200,25.15
2007-01-05,29.63,29.75,29.45,29.64,44607200,24.91
2007-01-04,29.70,29.97,29.44,29.81,45774500,25.05
2007-01-03,29.91,30.25,29.40,29.86,76935100,25.09
2006-12-29,29.86,30.15,29.83,29.86,41739800,25.09
2006-12-28,29.86,30.03,29.81,29.98,26690600,25.19
2006-12-27,29.99,30.13,29.91,30.02,31248400,25.23
2006-12-26,29.53,30.00,29.40,29.99,37098300,25.20
2006-12-22,29.83,29.86,29.62,29.64,37971700,24.91
2006-12-21,30.13,30.14,29.89,29.98,32270500,25.19
2006-12-20,29.99,30.24,29.97,30.09,31202100,25.28
2006-12-19,29.71,30.17,29.53,29.99,53822100,25.20
2006-12-18,30.19,30.26,29.78,29.89,56986800,25.12
2006-12-15,30.14,30.23,30.03,30.19,102783700,25.37
2006-12-14,29.54,30.08,29.52,30.07,85866500,25.27
2006-12-13,29.60,29.60,29.32,29.55,46002500,24.83
2006-12-12,29.56,29.63,29.22,29.43,68529400,24.73
2006-12-11,29.19,29.75,29.11,29.54,107712000,24.82
2006-12-08,28.82,29.40,28.80,29.40,108854900,24.70
2006-12-07,28.96,29.07,28.81,28.85,46831100,24.24
2006-12-06,29.10,29.13,28.87,28.99,48564100,24.36
2006-12-05,29.36,29.40,29.03,29.13,45606000,24.48
2006-12-04,29.23,29.52,29.17,29.33,55123400,24.65
2006-12-01,29.23,29.30,28.90,29.12,72257000,24.47
2006-11-30,29.42,29.57,29.33,29.36,53297400,24.67
2006-11-29,29.44,29.78,29.43,29.57,58775100,24.85
2006-11-28,29.34,29.42,29.13,29.39,52602300,24.70
2006-11-27,29.69,29.74,29.33,29.48,72722100,24.77
2006-11-24,29.66,29.84,29.64,29.76,20456700,25.01
2006-11-22,29.97,30.00,29.82,29.92,43907200,25.14
2006-11-21,29.91,30.00,29.79,29.92,66446600,25.14
2006-11-20,29.52,30.00,29.50,29.89,85703800,25.12
2006-11-17,29.31,29.54,29.28,29.40,49356700,24.70
2006-11-16,29.14,29.64,29.13,29.47,64328500,24.76
2006-11-15,29.13,29.36,29.11,29.12,63943200,24.47
2006-11-14,29.28,29.42,29.07,29.23,63012500,24.56
2006-11-13,29.19,29.46,29.16,29.35,47271800,24.58
2006-11-10,29.17,29.29,29.15,29.24,37855100,24.49
2006-11-09,29.11,29.40,29.00,29.26,89407500,24.50
2006-11-08,28.78,29.23,28.66,28.98,77403300,24.27
2006-11-07,28.86,29.07,28.80,28.95,56511200,24.24
2006-11-06,28.77,29.05,28.76,28.84,60446200,24.15
2006-11-03,28.85,28.93,28.61,28.73,41124500,24.06
2006-11-02,28.71,28.86,28.58,28.77,58674400,24.09
2006-11-01,28.78,28.99,28.70,28.81,75895900,24.13
2006-10-31,28.66,28.85,28.56,28.71,61861700,24.04
2006-10-30,28.35,28.84,28.32,28.53,47296800,23.89
2006-10-27,28.49,28.79,28.25,28.34,89060100,23.73
2006-10-26,28.33,28.41,28.04,28.35,69964200,23.74
2006-10-25,28.28,28.46,28.14,28.31,40717100,23.71
2006-10-24,28.43,28.43,28.13,28.28,61409600,23.68
2006-10-23,28.30,28.69,28.18,28.45,48525000,23.83
2006-10-20,28.48,28.49,28.17,28.43,48887800,23.81
2006-10-19,28.35,28.45,28.12,28.29,44730800,23.69
2006-10-18,28.50,28.70,28.26,28.52,40630800,23.88
2006-10-17,28.24,28.51,28.17,28.44,40122600,23.82
2006-10-16,28.48,28.60,28.33,28.45,49744800,23.83
2006-10-13,28.34,28.69,28.31,28.37,129751900,23.76
2006-10-12,27.58,28.29,27.54,28.22,120174900,23.63
2006-10-11,27.46,27.67,27.42,27.54,37219600,23.06
2006-10-10,27.69,27.75,27.44,27.69,34598500,23.19
2006-10-09,27.80,27.93,27.62,27.72,33366300,23.21
2006-10-06,27.76,28.00,27.65,27.87,36452200,23.34
2006-10-05,27.92,28.11,27.78,27.92,81967200,23.38
2006-10-04,27.39,27.96,27.37,27.94,82191200,23.40
2006-10-03,27.37,27.48,27.21,27.37,39386200,22.92
2006-10-02,27.32,27.49,27.15,27.36,52908100,22.91
2006-09-29,27.35,27.42,27.21,27.35,34283500,22.90
2006-09-28,27.47,27.52,27.26,27.40,44179700,22.95
2006-09-27,27.18,27.47,27.12,27.44,66233900,22.98
2006-09-26,26.91,27.32,26.88,27.20,54766500,22.78
2006-09-25,26.81,27.19,26.79,26.95,67903900,22.57
2006-09-22,26.83,26.85,26.48,26.66,47712500,22.33
2006-09-21,27.24,27.25,26.85,26.90,58495100,22.53
2006-09-20,27.01,27.23,26.99,27.18,71676400,22.76
2006-09-19,26.74,26.94,26.72,26.86,43039100,22.49
2006-09-18,26.74,27.04,26.67,26.79,49135000,22.43
2006-09-15,26.58,26.94,26.49,26.85,126057700,22.49
2006-09-14,25.99,26.50,25.98,26.33,74324500,22.05
2006-09-13,25.82,26.10,25.82,25.98,37706700,21.76
2006-09-12,25.90,25.98,25.72,25.93,52248800,21.71
2006-09-11,25.43,25.95,25.42,25.91,55608200,21.70
2006-09-08,25.53,25.79,25.46,25.60,36866800,21.44
2006-09-07,25.48,25.70,25.39,25.43,51266900,21.30
2006-09-06,25.51,25.72,25.51,25.61,50160400,21.45
2006-09-05,25.69,25.96,25.56,25.61,44222400,21.45
2006-09-01,25.89,25.97,25.64,25.84,31594600,21.64
2006-08-31,25.87,25.98,25.68,25.70,26380500,21.52
2006-08-30,25.85,25.89,25.64,25.80,30283100,21.61
2006-08-29,25.92,25.98,25.63,25.84,42711200,21.64
2006-08-28,25.84,26.00,25.69,25.95,34190900,21.73
2006-08-25,25.71,26.00,25.69,25.85,33115900,21.65
2006-08-24,25.82,25.86,25.50,25.74,35933300,21.56
2006-08-23,25.65,25.95,25.52,25.67,44648500,21.50
2006-08-22,26.01,26.25,25.62,25.62,89312400,21.46
2006-08-21,25.66,26.13,25.56,26.12,88398300,21.87
2006-08-18,25.05,25.80,24.98,25.79,128414800,21.60
2006-08-17,24.70,24.75,24.61,24.70,45674800,20.68
2006-08-16,24.61,24.73,24.47,24.70,52373600,20.68
2006-08-15,24.55,24.65,24.44,24.62,48994500,20.62
2006-08-14,24.52,24.60,24.35,24.53,47831900,20.47
2006-08-11,24.43,24.45,24.20,24.43,30255500,20.38
2006-08-10,24.37,24.60,24.34,24.46,31753400,20.41
2006-08-09,24.49,24.64,24.34,24.44,44405700,20.39
2006-08-08,24.39,24.52,24.20,24.34,58171300,20.31
2006-08-07,24.28,24.48,24.19,24.22,36862400,20.21
2006-08-04,24.40,24.49,24.15,24.29,45690400,20.27
2006-08-03,24.19,24.48,24.15,24.21,43155300,20.20
2006-08-02,24.12,24.40,24.03,24.30,46462000,20.28
2006-08-01,24.02,24.20,23.85,23.99,49168700,20.02
2006-07-31,24.07,24.42,24.01,24.06,40254400,20.07
2006-07-28,24.08,24.28,24.06,24.25,51705800,20.23
2006-07-27,24.58,24.60,23.77,23.87,85386800,19.92
2006-07-26,24.12,24.53,24.10,24.37,54942100,20.33
2006-07-25,24.00,24.29,23.90,24.22,60075800,20.21
2006-07-24,24.01,24.11,23.79,24.00,59586700,20.02
2006-07-21,24.08,24.15,23.00,23.87,175483800,19.92
2006-07-20,23.44,23.45,22.78,22.85,76605200,19.07
2006-07-19,22.82,23.46,22.72,23.40,82188200,19.52
2006-07-18,22.59,22.76,22.48,22.74,65047300,18.97
2006-07-17,22.29,22.61,22.26,22.48,37053500,18.76
2006-07-14,22.28,22.55,22.23,22.29,67499400,18.60
2006-07-13,22.37,22.61,22.25,22.26,73099500,18.57
2006-07-12,22.79,22.88,22.62,22.64,77379300,18.89
2006-07-11,23.37,23.37,22.74,23.10,88676300,19.27
2006-07-10,23.43,23.66,23.38,23.50,50565100,19.61
2006-07-07,23.39,23.55,23.30,23.30,63168800,19.44
2006-07-06,23.45,23.61,23.42,23.48,44775200,19.59
2006-07-05,23.48,23.52,23.30,23.35,53093500,19.48
2006-07-03,23.53,23.72,23.45,23.70,25711400,19.77
2006-06-30,23.54,23.65,23.30,23.30,73048800,19.44
2006-06-29,23.32,23.63,23.22,23.47,121395500,19.58
2006-06-28,22.96,23.25,22.91,23.16,71906500,19.32
2006-06-27,22.89,23.16,22.84,22.86,84759100,19.07
2006-06-26,22.65,22.89,22.63,22.82,53644100,19.04
2006-06-23,22.85,22.87,22.50,22.50,60532600,18.77
2006-06-22,23.06,23.17,22.78,22.88,76590600,19.09
2006-06-21,22.61,23.15,22.53,23.08,91660300,19.26
2006-06-20,22.54,22.76,22.50,22.56,90598500,18.82
2006-06-19,22.14,22.60,22.12,22.55,129640900,18.81
2006-06-16,21.97,22.28,21.79,22.10,147506500,18.44
2006-06-15,22.01,22.13,21.80,22.07,121577300,18.41
2006-06-14,21.59,21.94,21.55,21.88,86081500,18.26
2006-06-13,21.73,22.03,21.46,21.51,113175300,17.95
2006-06-12,21.96,22.10,21.70,21.71,74309700,18.11
2006-06-09,22.15,22.19,21.89,21.92,52573800,18.29
2006-06-08,22.03,22.21,21.97,22.11,104126900,18.45
2006-06-07,22.15,22.39,22.01,22.04,73827500,18.39
2006-06-06,22.55,22.56,21.98,22.13,126601300,18.46
2006-06-05,22.72,22.73,22.49,22.50,63914100,18.77
2006-06-02,22.87,22.99,22.67,22.76,73935600,18.99
2006-06-01,22.74,22.84,22.62,22.82,80230800,19.04
2006-05-31,23.26,23.35,22.65,22.65,120202000,18.90
2006-05-30,23.55,23.76,23.14,23.15,52497500,19.32
2006-05-26,23.77,23.88,23.56,23.72,46861600,19.79
2006-05-25,23.57,23.92,23.54,23.74,83052700,19.81
2006-05-24,22.99,23.54,22.98,23.50,107356700,19.61
2006-05-23,23.11,23.38,22.77,22.79,79986300,19.02
2006-05-22,22.48,23.02,22.45,22.88,87322300,19.09
2006-05-19,22.79,22.90,22.52,22.56,100071200,18.82
2006-05-18,22.84,23.14,22.76,22.83,95476400,19.05
2006-05-17,22.89,23.08,22.73,22.73,98598300,18.97
2006-05-16,23.16,24.00,22.91,23.01,82095100,19.20
2006-05-15,23.10,23.23,23.03,23.15,67314800,19.32
2006-05-12,23.14,23.37,23.05,23.17,83115900,19.26
2006-05-11,23.71,23.79,23.15,23.22,92916700,19.30
2006-05-10,23.67,23.79,23.59,23.77,76563300,19.76
2006-05-09,23.75,24.00,23.49,23.62,75345900,19.63
2006-05-08,23.85,25.00,23.51,23.73,80693500,19.72
2006-05-05,23.66,23.95,23.52,23.80,131604300,19.78
2006-05-04,23.35,23.67,23.14,23.44,171257400,19.48
2006-05-03,23.99,24.02,23.15,23.17,211527100,19.26
2006-05-02,24.49,25.00,23.90,24.01,190533500,19.96
2006-05-01,24.32,25.00,24.09,24.29,174800900,20.19
2006-04-28,24.23,24.50,24.00,24.15,591052200,20.07
2006-04-27,26.97,27.63,26.94,27.25,96509600,22.65
2006-04-26,27.08,27.23,27.00,27.10,39190000,22.52
2006-04-25,27.09,27.21,27.02,27.11,49222500,22.53
2006-04-24,27.07,27.25,26.98,27.11,42318400,22.53
2006-04-21,27.05,27.39,27.00,27.15,58528000,22.57
2006-04-20,27.05,27.19,26.70,27.03,45648300,22.47
2006-04-19,27.11,27.19,26.96,27.03,45111100,22.47
2006-04-18,26.94,27.50,26.82,27.22,56272700,22.62
2006-04-17,27.03,27.05,26.73,26.84,35796200,22.31
2006-04-13,27.08,27.20,27.00,27.07,28160000,22.50
2006-04-12,27.10,27.20,26.97,27.20,32183000,22.61
2006-04-11,27.29,27.32,27.00,27.13,42953400,22.55
2006-04-10,27.23,27.44,27.20,27.29,39432000,22.68
2006-04-07,27.61,27.72,27.23,27.25,47249400,22.65
2006-04-06,27.66,27.72,27.37,27.56,51885500,22.91
2006-04-05,27.88,27.94,27.64,27.74,41539300,23.06
2006-04-04,27.60,27.80,27.47,27.64,45470000,22.97
2006-04-03,27.67,27.73,27.44,27.56,57605300,22.91
2006-03-31,27.30,27.54,27.21,27.21,62190500,22.61
2006-03-30,27.03,27.39,27.00,27.23,54612000,22.63
2006-03-29,26.95,27.20,26.92,27.02,53150300,22.46
2006-03-28,27.01,27.21,26.81,26.90,58520500,22.36
2006-03-27,27.01,27.30,27.00,27.01,59908600,22.45
2006-03-24,26.71,27.21,26.62,27.01,69157600,22.45
2006-03-23,27.08,27.10,26.66,26.85,73682900,22.32
2006-03-22,27.08,27.50,26.80,27.15,145696100,22.57
2006-03-21,27.74,28.22,27.68,27.74,73199600,23.06
2006-03-20,27.70,27.99,27.67,27.89,67094100,23.18
2006-03-17,27.35,27.66,27.27,27.50,120615000,22.86
2006-03-16,27.34,27.48,27.22,27.27,73793700,22.66
2006-03-15,27.20,27.45,27.01,27.36,57152000,22.74
2006-03-14,27.04,27.38,26.99,27.23,39821800,22.63
2006-03-13,27.18,27.29,26.94,27.11,40342600,22.53
2006-03-10,27.06,27.22,26.88,27.17,41297200,22.58
2006-03-09,27.27,27.42,27.00,27.00,45360700,22.44
2006-03-08,26.99,27.50,26.97,27.25,57547400,22.65
2006-03-07,26.90,27.10,26.81,27.06,51613900,22.49
2006-03-06,26.92,27.15,26.83,26.91,53054100,22.37
2006-03-03,26.81,27.16,26.74,26.93,45218800,22.38
2006-03-02,27.02,27.10,26.90,26.97,41850300,22.42
2006-03-01,26.98,27.20,26.95,27.14,53061200,22.56
2006-02-28,26.95,27.30,26.87,26.87,65036100,22.33
2006-02-27,26.75,27.26,26.67,27.05,51301500,22.48
2006-02-24,26.59,26.74,26.52,26.63,44753800,22.13
2006-02-23,26.73,26.89,26.54,26.66,47359100,22.16
2006-02-22,26.53,26.86,26.47,26.72,43043100,22.21
2006-02-21,26.72,26.72,26.34,26.54,50216100,22.06
2006-02-17,26.67,26.81,26.56,26.70,41513200,22.19
2006-02-16,26.85,26.90,26.57,26.81,48868500,22.28
2006-02-15,26.60,26.93,26.50,26.88,62808900,22.34
2006-02-14,26.41,26.68,26.35,26.65,58432900,22.07
2006-02-13,26.63,26.70,26.34,26.39,46707000,21.86
2006-02-10,26.62,26.89,26.51,26.69,52127000,22.11
2006-02-09,26.96,27.03,26.65,26.66,52861700,22.08
2006-02-08,27.01,27.08,26.71,26.91,51795200,22.29
2006-02-07,26.95,27.15,26.81,26.94,72159500,22.31
2006-02-06,27.51,27.54,27.09,27.17,60170500,22.51
2006-02-03,27.48,27.70,27.34,27.54,75022700,22.81
2006-02-02,27.97,27.99,27.55,27.68,55073400,22.93
2006-02-01,27.96,28.07,27.76,28.04,68448800,23.23
2006-01-31,27.91,28.38,27.87,28.15,94841300,23.32
2006-01-30,27.82,28.18,27.78,28.00,103999200,23.19
2006-01-27,27.23,27.95,27.19,27.79,134520700,23.02
2006-01-26,26.56,26.72,26.31,26.50,69509300,21.95
2006-01-25,26.41,26.57,26.23,26.40,59072100,21.87
2006-01-24,26.34,26.45,26.22,26.28,63040700,21.77
2006-01-23,26.41,26.53,26.30,26.35,47925600,21.83
2006-01-20,27.01,27.01,26.26,26.41,79165900,21.88
2006-01-19,26.87,27.24,26.85,27.02,60367600,22.38
2006-01-18,26.74,26.98,26.70,26.83,52376200,22.22
2006-01-17,26.90,27.19,26.90,26.99,58566600,22.36
2006-01-13,27.03,27.25,27.01,27.19,41418000,22.52
2006-01-12,27.25,27.26,26.97,27.14,45994800,22.48
2006-01-11,27.01,27.39,26.90,27.29,70120700,22.60
2006-01-10,26.65,27.02,26.59,27.00,64921900,22.36
2006-01-09,26.93,27.07,26.76,26.86,55625000,22.25
2006-01-06,26.89,27.00,26.49,26.91,100963000,22.29
2006-01-05,26.96,27.13,26.91,26.99,48245500,22.36
2006-01-04,26.77,27.08,26.77,26.97,57975600,22.34
2006-01-03,26.25,27.00,26.10,26.84,79973000,22.23
2005-12-30,26.15,26.31,26.10,26.15,49044600,21.66
2005-12-29,26.41,26.50,26.26,26.27,34495500,21.76
2005-12-28,26.51,26.66,26.35,26.39,35444400,21.86
2005-12-27,26.68,26.85,26.45,26.46,37819000,21.92
2005-12-23,26.52,26.67,26.44,26.64,30689200,22.07
2005-12-22,26.71,26.78,26.42,26.59,91276900,22.02
2005-12-21,26.87,26.91,26.71,26.73,75800900,22.14
2005-12-20,26.76,26.88,26.67,26.86,62960600,22.25
2005-12-19,26.82,26.87,26.65,26.83,68680100,22.22
2005-12-16,26.88,27.08,26.81,26.90,88542500,22.28
2005-12-15,27.08,27.11,26.81,26.92,79018100,22.30
2005-12-14,27.00,27.24,26.85,27.09,65076200,22.44
2005-12-13,27.29,27.43,27.00,27.13,104285500,22.47
2005-12-12,27.70,27.75,27.33,27.45,63757200,22.74
2005-12-09,27.71,27.83,27.64,27.71,48467000,22.95
2005-12-08,27.71,27.81,27.60,27.69,63931600,22.94
2005-12-07,27.67,27.75,27.55,27.75,55583200,22.99
2005-12-06,27.90,27.92,27.68,27.69,65980000,22.94
2005-12-05,27.93,28.02,27.71,27.85,47517300,23.07
2005-12-02,27.82,28.10,27.79,28.01,42319600,23.20
2005-12-01,27.73,28.10,27.73,27.89,61006100,23.10
2005-11-30,27.68,27.77,27.63,27.68,55904700,22.93
2005-11-29,27.79,27.79,27.60,27.68,62220400,22.93
2005-11-28,27.79,27.85,27.53,27.75,57517200,22.99
2005-11-25,27.80,27.94,27.47,27.76,44082500,22.99
2005-11-23,27.92,28.09,27.74,27.92,70541300,23.13
2005-11-22,28.06,28.08,27.86,27.91,104253300,23.12
2005-11-21,28.07,28.24,27.84,28.16,65794400,23.33
2005-11-18,28.12,28.25,27.90,28.07,75431200,23.25
2005-11-17,27.85,28.00,27.76,27.97,91351000,23.17
2005-11-16,27.48,27.88,27.44,27.74,86277000,22.98
2005-11-15,27.33,27.54,27.25,27.50,65081000,22.78
2005-11-14,27.36,27.44,27.20,27.37,67152200,22.60
2005-11-11,27.15,27.39,27.13,27.28,51945600,22.53
2005-11-10,26.94,27.15,26.64,27.09,73314800,22.37
2005-11-09,26.98,27.15,26.94,26.96,59562100,22.27
2005-11-08,26.94,27.18,26.77,27.05,60091700,22.34
2005-11-07,26.72,27.08,26.70,27.01,77104800,22.31
2005-11-04,26.53,26.71,26.45,26.66,57464000,22.02
2005-11-03,26.60,26.64,26.25,26.44,73421600,21.84
2005-11-02,25.93,26.50,25.93,26.46,75067100,21.85
2005-11-01,25.61,26.10,25.61,25.96,71370400,21.44
2005-10-31,25.61,25.80,25.50,25.70,75122100,21.23
2005-10-28,25.10,25.60,25.10,25.53,106559300,21.09
2005-10-27,25.22,25.27,24.85,24.85,61566100,20.52
2005-10-26,24.97,25.33,24.93,25.11,58178100,20.74
2005-10-25,24.95,25.13,24.83,25.03,41310500,20.67
2005-10-24,24.89,25.10,24.68,25.10,51868000,20.73
2005-10-21,24.91,25.00,24.57,24.78,69431200,20.47
2005-10-20,25.05,25.13,24.74,24.79,58830600,20.47
2005-10-19,24.56,25.09,24.50,25.09,66574500,20.72
2005-10-18,24.49,24.83,24.45,24.57,69328200,20.29
2005-10-17,24.68,24.69,24.44,24.53,46924400,20.26
2005-10-14,24.71,24.73,24.50,24.67,53846700,20.37
2005-10-13,24.31,24.73,24.27,24.59,70192000,20.31
2005-10-12,24.49,24.70,24.27,24.30,71294400,20.07
2005-10-11,24.51,24.55,24.25,24.41,76567300,20.16
2005-10-10,24.67,24.68,24.35,24.46,48880900,20.20
2005-10-07,24.77,24.84,24.52,24.59,50768700,20.31
2005-10-06,24.66,24.95,24.53,24.73,81724600,20.42
2005-10-05,25.04,25.05,24.67,24.67,73684700,20.37
2005-10-04,25.36,25.39,24.75,24.98,151666300,20.63
2005-10-03,25.71,25.73,25.44,25.50,55341300,21.06
2005-09-30,25.91,25.95,25.61,25.73,57644500,21.25
2005-09-29,25.61,26.00,25.50,25.94,66807100,21.42
2005-09-28,25.39,25.87,25.38,25.67,71019400,21.20
2005-09-27,25.37,25.45,25.30,25.34,48797900,20.93
2005-09-26,25.40,25.49,25.21,25.27,56203700,20.87
2005-09-23,25.31,25.54,25.12,25.27,66396800,20.87
2005-09-22,25.49,25.60,25.15,25.34,71314900,20.93
2005-09-21,25.80,25.90,25.43,25.49,68281800,21.05
2005-09-20,26.07,26.22,25.69,25.84,61043400,21.34
2005-09-19,26.09,26.27,25.86,26.00,61832300,21.47
2005-09-16,26.34,26.40,25.97,26.07,187384300,21.53
2005-09-15,26.37,26.43,26.22,26.27,60357200,21.70
2005-09-14,26.52,26.64,26.30,26.31,54969600,21.73
2005-09-13,26.54,26.76,26.37,26.48,63422900,21.87
2005-09-12,26.62,26.75,26.52,26.61,40550500,21.98
2005-09-09,26.62,26.82,26.53,26.58,41515800,21.95
2005-09-08,26.80,26.88,26.52,26.61,52552300,21.98
2005-09-07,26.94,27.11,26.82,26.85,44656100,22.18
2005-09-06,27.06,27.29,26.98,27.00,46089000,22.30
2005-09-02,27.21,27.27,26.97,27.02,52047500,22.32
2005-09-01,27.38,27.39,27.15,27.20,75974500,22.46
2005-08-31,27.17,27.44,27.04,27.38,65210200,22.61
2005-08-30,27.06,27.23,26.96,27.18,55163200,22.45
2005-08-29,26.81,27.23,26.81,27.15,52307700,22.42
2005-08-26,27.06,27.08,26.87,26.97,36774600,22.27
2005-08-25,26.90,27.09,26.85,27.03,39306300,22.32
2005-08-24,26.84,27.16,26.78,26.81,63645000,22.14
2005-08-23,26.84,27.07,26.74,26.87,48296700,22.19
2005-08-22,26.79,27.17,26.77,26.91,41691700,22.22
2005-08-19,26.85,26.91,26.70,26.72,36043500,22.07
2005-08-18,26.89,27.08,26.80,26.82,40861900,22.15
2005-08-17,26.82,27.15,26.66,26.95,52413100,22.26
2005-08-16,27.03,27.14,26.70,26.74,46894600,22.08
2005-08-15,26.98,27.30,26.69,27.13,45976600,22.41
2005-08-12,27.08,27.14,26.90,27.05,52006500,22.27
2005-08-11,26.98,27.30,26.89,27.27,48646800,22.46
2005-08-10,27.41,27.50,26.85,26.95,62818800,22.19
2005-08-09,27.22,27.51,27.01,27.35,64761800,22.52
2005-08-08,27.80,27.84,27.08,27.13,77207200,22.34
2005-08-05,27.29,27.94,27.25,27.76,82212400,22.86
2005-08-04,27.16,27.50,27.05,27.32,91461400,22.50
2005-08-03,26.76,27.43,26.73,27.25,139422400,22.44
2005-08-02,25.90,26.90,25.87,26.81,137510100,22.08
2005-08-01,25.81,26.05,25.76,25.92,61346800,21.34
2005-07-29,25.78,26.00,25.59,25.61,59524400,21.09
2005-07-28,25.75,25.85,25.66,25.75,44738700,21.20
2005-07-27,25.61,25.80,25.53,25.72,57977300,21.18
2005-07-26,25.72,25.74,25.53,25.54,51476400,21.03
2005-07-25,25.69,25.90,25.65,25.69,45174600,21.15
2005-07-22,25.99,26.34,25.63,25.68,97558900,21.15
2005-07-21,26.30,26.48,26.00,26.44,112932100,21.77
2005-07-20,26.00,26.23,25.88,26.19,71424800,21.57
2005-07-19,25.79,26.25,25.75,26.16,113290100,21.54
2005-07-18,25.71,25.79,25.55,25.55,39668000,21.04
2005-07-15,26.04,26.10,25.75,25.79,56472800,21.24
2005-07-14,25.79,26.10,25.79,25.97,69506800,21.39
2005-07-13,25.53,25.75,25.48,25.66,44749200,21.13
2005-07-12,25.24,25.62,25.20,25.61,63384800,21.09
2005-07-11,25.15,25.38,25.11,25.29,61525400,20.83
2005-07-08,24.64,25.12,24.63,25.09,56104000,20.66
2005-07-07,24.58,24.71,24.50,24.65,80082900,20.30
2005-07-06,24.97,25.08,24.69,24.70,64214600,20.34
2005-07-05,24.66,25.19,24.62,24.98,61883500,20.57
2005-07-01,24.85,24.99,24.67,24.71,69718400,20.35
2005-06-30,25.06,25.14,24.82,24.84,82018200,20.45
2005-06-29,25.22,25.32,25.00,25.09,55859900,20.66
2005-06-28,25.09,25.20,25.03,25.07,53058100,20.64
2005-06-27,25.07,25.25,25.03,25.05,61636200,20.63
2005-06-24,25.22,25.40,25.04,25.04,57970700,20.62
2005-06-23,25.17,25.62,25.15,25.31,105159800,20.84
2005-06-22,25.11,25.26,25.03,25.07,60492700,20.64
2005-06-21,25.08,25.19,25.04,25.15,81084000,20.71
2005-06-20,24.98,25.28,24.93,25.11,50538900,20.68
2005-06-17,25.27,25.29,24.92,25.04,90821300,20.62
2005-06-16,25.22,25.23,24.95,25.04,65918800,20.62
2005-06-15,25.40,25.41,25.11,25.26,50764800,20.80
2005-06-14,25.31,25.44,25.24,25.36,44243300,20.88
2005-06-13,25.36,25.49,25.26,25.31,49104100,20.84
2005-06-10,25.49,25.52,25.34,25.43,39459800,20.94
2005-06-09,25.40,25.61,25.35,25.51,52767900,21.01
2005-06-08,25.55,25.62,25.34,25.40,45369700,20.92
2005-06-07,25.33,25.83,25.31,25.51,54511400,21.01
2005-06-06,25.38,25.50,25.31,25.37,40756900,20.89
